id,first_name,last_name,email,gender,City,Country,Address
1,Cheri,Dunsmore,cdunsmore0@instagram.com,Female,Palma De Mallorca,Spain,076 Rockefeller Crossing
2,Hunt,Bartomeu,hbartomeu1@nsw.gov.au,Male,Lugo,Spain,0046 Utah Junction
3,Michaeline,Paynton,mpaynton2@narod.ru,Female,,Spain,0 Corry Crossing
4,Filmer,Eirwin,feirwin3@intel.com,,Leon,Spain,5 American Ash Road
5,Tanhya,Lubbock,tlubbock4@huffingtonpost.com,Female,"Hospitalet De Llobregat, L'",Spain,9289 Merry Circle
6,Stacy,Minchinton,sminchinton5@ameblo.jp,Male,Palma De Mallorca,Spain,4 Meadow Vale Way
7,Harv,Sandes,hsandes6@who.int,Male,Lleida,Spain,20 Menomonie Circle
8,Aubree,Jirsa,,Female,Santander,,8294 Schurz Court
9,Tymon,Darragh,tdarragh8@free.fr,Male,,Spain,41 Trailsway Way
10,Igor,Dwelley,idwelley9@flickr.com,Male,Lugo,Spain,
11,Chase,Godilington,cgodilingtona@spiegel.de,Male,,,13 Bluestem Court
12,Viola,Maggiore,vmaggioreb@cpanel.net,Female,Malaga,,57 Chinook Hill
13,Maegan,Miner,mminerc@guardian.co.uk,Female,Malaga,Spain,0016 Corben Place
14,Elena,Crummey,ecrummeyd@imgur.com,,Valladolid,,76694 Sherman Street
15,Cyndy,Toothill,ctoothille@canalblog.com,Female,Lleida,Spain,1165 Erie Point
16,Lionello,Shelborne,lshelbornef@e-recht24.de,Male,Murcia,Spain,21845 Holy Cross Terrace
17,Yance,Martinetto,,Male,Pamplona/Iruña,Spain,4 Anthes Pass
18,Lauren,Grime,lgrimeh@illinois.edu,Male,Pamplona/Iruña,Spain,0 Darwin Circle
19,Sena,MacElane,smacelanei@youtu.be,Female,,Spain,8032 Claremont Trail
20,Mildred,Kearns,mkearnsj@twitter.com,Female,Barcelona,Spain,789 Toban Junction
21,Frasquito,Skeemor,fskeemork@t-online.de,Male,Murcia,Spain,46 Golf View Alley
22,Wally,Rushman,wrushmanl@desdev.cn,Female,Palencia,Spain,31492 Northwestern Street
23,Cody,Leindecker,cleindeckerm@theguardian.com,Polygender,Pontevedra,Spain,113 Kedzie Junction
24,Blanch,Andrivel,bandriveln@fema.gov,Genderfluid,Santander,Spain,77523 Fisk Circle
25,Ingrim,Holywell,iholywello@nbcnews.com,Male,Palma De Mallorca,Spain,1704 Forest Dale Street
26,Yehudi,McHan,ymchanp@globo.com,Male,Girona,Spain,5 Loomis Street
27,Tremain,MacBean,tmacbeanq@php.net,Male,Fuenlabrada,Spain,83 Cherokee Road
28,Nelson,Spears,nspearsr@state.gov,Male,Valladolid,Spain,50 Westridge Lane
29,Jere,Bampkin,jbampkins@wunderground.com,Male,Jaen,Spain,4478 Mockingbird Avenue
30,Selena,Wyett,swyettt@hc360.com,Female,Pamplona/Iruña,Spain,33303 Hoffman Trail
31,Rourke,Biers,rbiersu@list-manage.com,Male,Almeria,Spain,693 Esch Drive
32,Libby,Relf,lrelfv@nih.gov,Female,Elx/Elche,,0 Stang Hill
33,Adoree,Cutchey,acutcheyw@seesaa.net,,,Spain,917 Marcy Parkway
34,Griffith,Meijer,gmeijerx@bravesites.com,Male,Getafe,Spain,32 Quincy Pass
35,Egon,Lafflin,elaffliny@a8.net,Male,Sevilla,Spain,
36,Louisa,Padfield,lpadfieldz@diigo.com,,"Coruña, A",,76008 Farmco Drive
37,Jodie,Taillant,jtaillant10@artisteer.com,Male,Barcelona,Spain,6546 Old Shore Avenue
38,Geneva,Godson,ggodson11@exblog.jp,Female,Zaragoza,Spain,362 Northwestern Road
39,Gnni,Date,gdate12@usgs.gov,,"Palmas De Gran Canaria, Las",Spain,16 Ilene Center
40,Ramsey,Conkling,rconkling13@usnews.com,Polygender,Cadiz,Spain,943 Steensland Alley
41,Cory,Flaunier,cflaunier14@oaic.gov.au,Male,Tarragona,Spain,22 Anderson Alley
42,Patience,Roakes,proakes15@odnoklassniki.ru,Female,Santiago De Compostela,Spain,0 Pine View Court
43,Salmon,Ricciardello,,Male,Donostia-San Sebastian,Spain,5237 Montana Drive
44,Kerwinn,Tufts,ktufts17@aboutads.info,Male,,Spain,9 Kedzie Court
45,Laurena,Joubert,ljoubert18@smugmug.com,Female,,Spain,01680 Oxford Center
46,Erina,Crummay,ecrummay19@dagondesign.com,Female,Cadiz,,39 Hagan Hill
47,Shirleen,Shellard,sshellard1a@com.com,Female,Cartagena,Spain,5661 Bluejay Drive
48,Wendell,Kineton,wkineton1b@psu.edu,Non-binary,Leon,Spain,397 Aberg Plaza
49,Hattie,Beecker,hbeecker1c@instagram.com,Female,Palma De Mallorca,Spain,02463 Morningstar Lane
50,Neal,Blore,nblore1d@photobucket.com,Male,Madrid,Spain,07682 South Crossing
51,Sarette,Colchett,scolchett1e@admin.ch,Polygender,Ceuta,Spain,23 Northview Avenue
52,Rori,Riddlesden,rriddlesden1f@techcrunch.com,Polygender,"Coruña, A",Spain,74107 Killdeer Way
53,Desmond,Arnet,darnet1g@facebook.com,,Pontevedra,,79954 Merchant Park
54,Irv,Dubbin,idubbin1h@hibu.com,Male,Vigo,Spain,826 Kedzie Court
55,Pearla,Puller,ppuller1i@ibm.com,Female,Valencia,Spain,78019 Dorton Circle
56,Lemar,Ledram,lledram1j@xing.com,,Sabadell,Spain,0 Stoughton Place
57,Morganne,Philpott,mphilpott1k@fda.gov,Female,Granada,Spain,66743 Arkansas Alley
58,Deborah,Lared,dlared1l@sitemeter.com,Female,,Spain,95534 Comanche Lane
59,Marj,Fetter,mfetter1m@go.com,Female,Valencia,,964 Veith Drive
60,Corrie,Riley,criley1n@nps.gov,Male,,Spain,4040 Towne Center
61,Merla,Pauly,mpauly1o@livejournal.com,Female,Santander,Spain,5266 Maple Parkway
62,Simone,Jackes,sjackes1p@alibaba.com,Female,Pamplona/Iruña,Spain,4252 Merrick Crossing
63,Vina,Brandham,vbrandham1q@google.pl,Female,"Palmas De Gran Canaria, Las",Spain,77 Sullivan Parkway
64,Kalle,O'Lenechan,kolenechan1r@twitter.com,Male,Vigo,Spain,09891 Reindahl Center
65,Farlay,Donisi,fdonisi1s@meetup.com,Male,Almeria,Spain,7 Graedel Crossing
66,Erma,Dowsey,edowsey1t@youtu.be,Female,Fuenlabrada,Spain,2 Michigan Pass
67,Constantin,Prescote,cprescote1u@mysql.com,Male,Sevilla,Spain,336 Cottonwood Avenue
68,Christophe,Spier,cspier1v@usda.gov,Male,Santander,,802 Mesta Junction
69,Merry,Bartolini,mbartolini1w@netvibes.com,Non-binary,Pamplona/Iruña,Spain,44 Scoville Way
70,Odille,Porcher,oporcher1x@vkontakte.ru,Female,Valladolid,,55655 Hagan Court
71,Inness,Lamkin,ilamkin1y@patch.com,Male,Almeria,Spain,363 Maple Pass
72,Niki,Corsor,ncorsor1z@wp.com,,Albacete,Spain,91 Vidon Pass
73,Reinald,Platts,rplatts20@phpbb.com,,Malaga,Spain,
74,Tate,Capehorn,tcapehorn21@comsenz.com,Male,Barcelona,Spain,
75,Inglis,Chretien,ichretien22@1688.com,Male,Teruel,Spain,71 Nevada Parkway
76,Cullan,McCurdy,cmccurdy23@godaddy.com,,Leon,Spain,5 Coolidge Center
77,Sig,Bowart,sbowart24@webnode.com,Male,Madrid,Spain,47391 Orin Crossing
78,Henryetta,Styan,hstyan25@weather.com,Female,Valencia,Spain,4836 Kim Parkway
79,Darryl,Spain,dspain26@dion.ne.jp,Female,Leon,Spain,5 Columbus Place
80,Torrin,Burgoine,tburgoine27@bizjournals.com,Male,Cartagena,Spain,16 Anthes Court
81,Emylee,Yacobsohn,eyacobsohn28@wikia.com,,Aviles,,883 Helena Place
82,Uta,Crasford,,Female,Lugo,Spain,
83,Sofia,Guiduzzi,sguiduzzi2a@surveymonkey.com,Female,Donostia-San Sebastian,Spain,1020 Crowley Avenue
84,Danita,Whitsey,dwhitsey2b@paypal.com,Female,Tarragona,Spain,8178 American Ash Parkway
85,Michale,Setch,msetch2c@imgur.com,Male,Granada,Spain,0 International Plaza
86,Johan,Troup,jtroup2d@who.int,Non-binary,Valencia,Spain,69 Del Sol Crossing
87,Trista,Andreazzi,tandreazzi2e@washington.edu,Female,Girona,,9239 6th Alley
88,Rasia,Fayter,rfayter2f@gmpg.org,,Castellon De La Plana/Castello De La Pla,Spain,82055 Almo Avenue
89,Miles,Spinnace,mspinnace2g@topsy.com,,Albacete,Spain,91 Lerdahl Center
90,Leonid,Bettesworth,lbettesworth2h@comcast.net,Male,Granada,Spain,49 Buhler Pass
91,Marika,Alloway,malloway2i@comsenz.com,Female,Vitoria-Gasteiz,Spain,80 Lakewood Gardens Road
92,Derron,Tankus,dtankus2j@sfgate.com,Male,Vigo,,802 Homewood Court
93,Gratia,Dabnor,gdabnor2k@slashdot.org,Female,Leon,Spain,42492 Straubel Park
94,Rahel,Kardos,rkardos2l@princeton.edu,Female,Madrid,Spain,4 Mandrake Point
95,Riley,Anstiss,ranstiss2m@twitpic.com,Male,Vitoria-Gasteiz,Spain,7 Coleman Point
96,Paige,Ivatt,pivatt2n@live.com,Female,,Spain,6 Leroy Circle
97,Nisse,Gready,ngready2o@apache.org,Female,Madrid,Spain,4 Schlimgen Parkway
98,Bendick,Alsford,balsford2p@t.co,Male,,Spain,74290 Schlimgen Place
99,Elsinore,Espinoy,eespinoy2q@msn.com,Agender,Zamora,,7707 Roth Terrace
100,Kyle,Brands,kbrands2r@freewebs.com,Female,Santa Cruz De Tenerife,Spain,10794 Nevada Place
101,Cordell,Maplethorp,cmaplethorp2s@mtv.com,Male,Vigo,Spain,2565 Bay Plaza
102,Annabella,Nolan,anolan2t@mapy.cz,Female,,,61 Schlimgen Plaza
103,Joelle,Charlesworth,jcharlesworth2u@livejournal.com,Female,Castellon De La Plana/Castello De La Pla,Spain,5313 Mockingbird Court
104,Nicole,Glazyer,nglazyer2v@reference.com,Female,Albacete,Spain,0 Golf View Parkway
105,Cicely,Spridgeon,cspridgeon2w@barnesandnoble.com,,Pontevedra,Spain,82 Schlimgen Center
106,Janifer,Mannooch,jmannooch2x@about.me,Female,Vigo,Spain,51759 Kenwood Hill
107,Claudette,McIlwrick,cmcilwrick2y@wp.com,,Pontevedra,,50715 Golf View Plaza
108,Darill,Breitler,dbreitler2z@scribd.com,Male,Cadiz,,73 Alpine Way
109,Ferdinande,Kobpa,fkobpa30@shop-pro.jp,Female,Malaga,Spain,5362 Nevada Place
110,Agnella,Bilbrook,abilbrook31@google.es,Female,Logroño,Spain,1016 Pennsylvania Center
111,Willis,Eisenberg,weisenberg32@blogger.com,Male,Albacete,Spain,68 Gale Terrace
112,Cesya,Gages,cgages33@desdev.cn,Female,Pamplona/Iruña,Spain,18 Mockingbird Place
113,Ardelia,Pilkinton,apilkinton34@jalbum.net,Female,,,0433 Schlimgen Point
114,Ariela,Nell,anell35@simplemachines.org,,"Palmas De Gran Canaria, Las",Spain,428 Northwestern Court
115,Carole,Biasetti,cbiasetti36@soup.io,Female,,Spain,
116,Nessi,McCaffrey,nmccaffrey37@mtv.com,,Barcelona,Spain,402 David Alley
117,Ric,Urpeth,rurpeth38@npr.org,Male,Granada,Spain,75 Fremont Drive
118,Cornelle,Feifer,cfeifer39@wordpress.com,Female,,Spain,4828 Dryden Hill
119,Delbert,Hewkin,dhewkin3a@domainmarket.com,Male,Vitoria-Gasteiz,Spain,2307 Surrey Alley
120,Karney,Stappard,kstappard3b@twitpic.com,Male,Castellon De La Plana/Castello De La Pla,,8646 Westridge Street
121,Wye,Sinncock,wsinncock3c@fc2.com,Male,Santander,,4679 Fair Oaks Trail
122,Damaris,Hundall,dhundall3d@hhs.gov,Female,Santiago De Compostela,Spain,81358 Moulton Junction
123,Noreen,Mouncher,nmouncher3e@theguardian.com,Female,Zaragoza,,3 Esker Circle
124,Jeannine,Fines,jfines3f@europa.eu,Female,Torrevieja,Spain,462 Oak Valley Pass
125,Buck,Dallon,bdallon3g@reuters.com,Male,,Spain,676 Michigan Junction
126,Pebrook,Gartan,pgartan3h@google.com.hk,Male,Vigo,Spain,962 Farwell Lane
127,Tiphanie,Wibberley,twibberley3i@theatlantic.com,Female,Vigo,,7 Thompson Avenue
128,Gaven,Jiru,gjiru3j@cornell.edu,Male,Vitoria-Gasteiz,,3 Gina Alley
129,Barny,Wiggall,bwiggall3k@cnbc.com,Male,Granada,,92 Dakota Street
130,Quinn,Gomes,qgomes3l@abc.net.au,Female,Valladolid,Spain,40037 Forest Run Pass
131,Rosalynd,Borne,rborne3m@shinystat.com,Female,Madrid,Spain,82 Buena Vista Junction
132,Neely,Maggiore,nmaggiore3n@thetimes.co.uk,Genderfluid,,Spain,652 Sachtjen Crossing
133,Lexy,Pauer,lpauer3o@qq.com,Female,Barcelona,Spain,631 Hallows Road
134,Miof mela,Pashbee,mpashbee3p@senate.gov,Female,Cadiz,Spain,8481 Lindbergh Road
135,Valentine,Soda,vsoda3q@epa.gov,Male,Lugo,Spain,625 Milwaukee Hill
136,Herrick,Crose,hcrose3r@wikia.com,Male,,Spain,4613 Nelson Parkway
137,Nikaniki,Houson,nhouson3s@sun.com,Female,Malaga,Spain,24142 Coolidge Road
138,Mariana,Vigietti,mvigietti3t@craigslist.org,Female,Malaga,Spain,6 Burning Wood Junction
139,Linnet,Goldstone,lgoldstone3u@ebay.co.uk,Bigender,Aviles,Spain,59900 Mosinee Road
140,Sherm,Bolley,sbolley3v@aol.com,Male,Almeria,Spain,374 Gina Road
141,Donavon,Gadesby,dgadesby3w@slate.com,Male,Fuenlabrada,Spain,44 Fairview Parkway
142,Hermione,Glossop,hglossop3x@cocolog-nifty.com,Female,Lleida,,91907 Amoth Junction
143,Alexandre,Didsbury,adidsbury3y@usgs.gov,Male,"Palmas De Gran Canaria, Las",Spain,0223 Dennis Center
144,Charlena,Bartolini,cbartolini3z@mail.ru,Female,Palencia,Spain,8972 Weeping Birch Trail
145,Rory,Clover,rclover40@mapquest.com,Genderqueer,Palma De Mallorca,Spain,199 Lukken Alley
146,Lauralee,Beranek,lberanek41@hud.gov,Female,,Spain,74825 Sunbrook Street
147,Tricia,Davidof,tdavidof42@economist.com,Female,Valencia,Spain,3 1st Parkway
148,Carling,Pharo,cpharo43@youku.com,Male,Donostia-San Sebastian,Spain,
149,Ryun,Millard,rmillard44@etsy.com,Male,Pontevedra,Spain,3780 Village Trail
150,Whit,Roddam,wroddam45@google.es,Male,Leganes,Spain,9539 Dapin Place
151,Etheline,Blasio,eblasio46@wikipedia.org,,Zamora,Spain,8 West Avenue
152,Ambrose,Timblett,atimblett47@bbb.org,Male,Gijon,,0946 Elka Plaza
153,Flossie,Keymer,fkeymer48@posterous.com,Female,Santander,,2958 Oak Valley Terrace
154,Jaymie,Dealtry,jdealtry49@redcross.org,Male,,Spain,49 Moland Place
155,Samaria,Bowdidge,sbowdidge4a@miibeian.gov.cn,Female,Cadiz,Spain,329 Loeprich Road
156,Aldin,Squibe,asquibe4b@dagondesign.com,Male,Cadiz,Spain,3859 Trailsway Center
157,Nancie,Radcliffe,nradcliffe4c@mozilla.org,Female,,Spain,
158,Marcello,Arkill,markill4d@timesonline.co.uk,Male,Lugo,Spain,93024 Tony Avenue
159,Kristopher,Kohlerman,kkohlerman4e@dropbox.com,Male,Zamora,Spain,24789 Cody Terrace
160,Catrina,Morrel,cmorrel4f@purevolume.com,Female,Leon,Spain,752 Welch Avenue
161,Madella,Pilmer,mpilmer4g@eventbrite.com,Female,Toledo,,6576 Macpherson Pass
162,Adelind,Wymer,awymer4h@smugmug.com,Female,Palma De Mallorca,Spain,44995 Hallows Junction
163,Douglas,Broady,dbroady4i@eventbrite.com,Male,Santa Cruz De Tenerife,Spain,71448 Dixon Drive
164,Aggy,Ralls,aralls4j@virginia.edu,Female,Zamora,,00153 Corben Street
165,Kaitlyn,Yter,kyter4k@dailymotion.com,Female,Pamplona/Iruña,,512 Myrtle Parkway
166,Esma,Mynett,emynett4l@theguardian.com,Female,Pontevedra,Spain,49509 Fuller Way
167,Lorelei,Verheijden,lverheijden4m@vimeo.com,Female,Pamplona/Iruña,,09188 Prentice Park
168,Storm,Musterd,,Female,Badajoz,Spain,
169,Gaile,Tebbett,gtebbett4o@dedecms.com,Male,Getafe,Spain,090 7th Avenue
170,Brigit,Witt,bwitt4p@va.gov,Female,Dos Hermanas,Spain,38 Ohio Point
171,Brooke,Guidera,bguidera4q@yellowpages.com,Female,Santiago De Compostela,Spain,26833 Pankratz Road
172,Madonna,McClymond,,Female,"Palmas De Gran Canaria, Las",Spain,70142 Prairieview Point
173,Shurlocke,Kneale,skneale4s@va.gov,Male,"Palmas De Gran Canaria, Las",Spain,41385 Dovetail Plaza
174,Katusha,Feedham,kfeedham4t@bizjournals.com,Female,Palma De Mallorca,Spain,00326 Fair Oaks Terrace
175,Thorny,Hadkins,thadkins4u@reverbnation.com,Male,Cartagena,,33 Homewood Pass
176,Darrick,Lennox,dlennox4v@ycombinator.com,Male,,,
177,Cosette,Cutford,ccutford4w@prnewswire.com,Female,Ourense,Spain,45 Meadow Valley Hill
178,Juliana,Keesman,jkeesman4x@netvibes.com,,Murcia,Spain,933 Mifflin Point
179,Dinny,Cranke,dcranke4y@chron.com,Female,Dos Hermanas,Spain,5119 Rieder Lane
180,Stafani,Fitzroy,sfitzroy4z@ca.gov,Female,Logroño,Spain,647 Sherman Junction
181,Georgine,Wedge,gwedge50@google.nl,Female,Valladolid,Spain,3 Corben Junction
182,Elyse,Blaymires,eblaymires51@deviantart.com,Female,Ferrol,,86324 Sloan Plaza
183,Humphrey,Fallon,hfallon52@about.me,,Sevilla,Spain,17181 Pond Lane
184,Carlin,Burrus,cburrus53@weebly.com,,Cadiz,Spain,08 4th Point
185,Ashby,Bulfoot,abulfoot54@sohu.com,Male,Vigo,Spain,14 Anniversary Court
186,Dewitt,Palister,dpalister55@addthis.com,Male,Logroño,Spain,598 Myrtle Circle
187,Malvina,Harding,mharding56@privacy.gov.au,Female,Cadiz,Spain,421 Ludington Street
188,Tove,Aldridge,taldridge57@theguardian.com,Female,Granada,,01361 Utah Trail
189,Marius,Asser,masser58@acquirethisname.com,Male,Santiago De Compostela,Spain,7456 Emmet Trail
190,Nancey,Fellnee,nfellnee59@cnet.com,Female,,Spain,
191,Roxine,Billham,rbillham5a@tmall.com,Female,Gijon,,037 7th Park
192,Nahum,Emer,nemer5b@facebook.com,Male,Malaga,,04054 Buhler Trail
193,Devy,Ledgister,dledgister5c@soup.io,Male,Vitoria-Gasteiz,Spain,7375 Judy Parkway
194,Keely,Heinzler,kheinzler5d@purevolume.com,,Santiago De Compostela,Spain,883 Hollow Ridge Park
195,Aurilia,Thompson,athompson5e@omniture.com,Female,Badajoz,Spain,7 Sullivan Road
196,Gunilla,Pridham,gpridham5f@exblog.jp,Female,Vitoria-Gasteiz,Spain,737 Spaight Way
197,Herschel,Engeham,hengeham5g@deviantart.com,Male,Palma De Mallorca,Spain,03 Forest Avenue
198,Corabelle,Goble,cgoble5h@fotki.com,Female,Santander,Spain,
199,Jenica,Cockland,jcockland5i@deviantart.com,Female,Zamora,Spain,69 Fairview Terrace
200,Sim,Lacasa,slacasa5j@theguardian.com,Male,Palma De Mallorca,Spain,44532 Eagan Street
201,Skyler,Maciaszczyk,smaciaszczyk5k@stumbleupon.com,Male,,Spain,65 Reinke Terrace
202,Mickie,Caw,mcaw5l@alibaba.com,Female,Pontevedra,,34 Butterfield Road
203,Stacee,Scothorne,sscothorne5m@studiopress.com,Male,Toledo,Spain,2 Sachtjen Plaza
204,Prentiss,Dreghorn,pdreghorn5n@wunderground.com,Male,"Palmas De Gran Canaria, Las",Spain,58853 Loomis Road
205,Cassie,Kinnaird,ckinnaird5o@earthlink.net,Female,,Spain,0 Nevada Lane
206,Lenci,Gagan,lgagan5p@marketwatch.com,Male,Madrid,Spain,622 6th Drive
207,Nicholas,Keyson,nkeyson5q@samsung.com,Agender,Vitoria-Gasteiz,Spain,2001 Corry Drive
208,Kathe,Tuxsell,ktuxsell5r@blogtalkradio.com,Female,Malaga,Spain,09 Nova Alley
209,Shayna,Jodkowski,sjodkowski5s@printfriendly.com,,Palma De Mallorca,Spain,67 Canary Park
210,Harlene,Capin,hcapin5t@cyberchimps.com,Female,Cartagena,Spain,7722 Springs Crossing
211,Bette,Fozard,bfozard5u@cargocollective.com,Female,Valencia,,
212,Darsey,Scargle,,Female,"Coruña, A",,04988 Roxbury Court
213,Billye,Mewton,bmewton5w@abc.net.au,Female,,Spain,2 Colorado Terrace
214,Hallsy,Deeney,,Male,Barcelona,Spain,8684 Crescent Oaks Trail
215,Magdaia,Huyhton,mhuyhton5y@google.es,,Vitoria-Gasteiz,,23 Westerfield Crossing
216,Alva,Gauchier,,Male,Badajoz,,7 Cherokee Center
217,Francoise,Godspeede,fgodspeede60@oakley.com,Female,Donostia-San Sebastian,Spain,2709 Hollow Ridge Court
218,Margareta,Gilchrest,mgilchrest61@altervista.org,Female,Teruel,Spain,21863 Monument Circle
219,Kellie,Jovis,kjovis62@rakuten.co.jp,Female,Jaen,Spain,414 Lerdahl Avenue
220,Trip,Comizzoli,tcomizzoli63@thetimes.co.uk,Male,Santiago De Compostela,Spain,79601 Fordem Avenue
221,Geri,Shyre,gshyre64@fotki.com,Male,Getafe,Spain,5 Blackbird Hill
222,Merilyn,Rulten,mrulten65@macromedia.com,Female,Salamanca,Spain,02632 Mariners Cove Hill
223,Rhoda,Skatcher,rskatcher66@shop-pro.jp,Female,Fuenlabrada,,04188 Monument Trail
224,Giordano,Poad,gpoad67@upenn.edu,Male,,Spain,212 Blackbird Street
225,Liesa,La Rosa,llarosa68@wikispaces.com,Female,,Spain,62835 Roth Terrace
226,Zsa zsa,Tayspell,ztayspell69@harvard.edu,Female,Gijon,Spain,5 Hansons Parkway
227,Rodrique,Bosket,rbosket6a@yahoo.com,Male,Donostia-San Sebastian,Spain,742 Homewood Pass
228,Merilyn,Bawden,mbawden6b@ft.com,Female,Sevilla,Spain,999 Steensland Parkway
229,Dennet,Nisby,dnisby6c@answers.com,Male,Valencia,Spain,597 Graceland Court
230,Elihu,Jeeks,ejeeks6d@fda.gov,Male,Elx/Elche,Spain,74 Golf View Point
231,Auberon,Pebworth,apebworth6e@salon.com,Male,Lleida,,8934 Bluestem Terrace
232,Ethelred,Aireton,,Male,,Spain,6166 Starling Way
233,Glynn,McAuley,gmcauley6g@unesco.org,Male,Sevilla,,6436 Linden Drive
234,Anni,Handrock,ahandrock6h@vk.com,Female,Sevilla,Spain,10 Maple Road
235,Foster,Hinzer,fhinzer6i@census.gov,Male,Valencia,Spain,15310 Claremont Lane
236,Riley,Ginni,rginni6j@com.com,Male,Madrid,Spain,19 Sunnyside Crossing
237,Jonathan,Fennelow,jfennelow6k@hatena.ne.jp,Male,Madrid,Spain,039 Northwestern Court
238,Pancho,Vasyaev,pvasyaev6l@phoca.cz,Male,Murcia,,9 Eastwood Junction
239,Hunt,Done,hdone6m@freewebs.com,Polygender,Zamora,,00034 Judy Circle
240,Fee,Witcher,fwitcher6n@aboutads.info,Male,Santander,Spain,344 Emmet Plaza
241,Alexandro,Cason,acason6o@uiuc.edu,Male,Vigo,Spain,655 Arkansas Avenue
242,Nikki,Pendergast,npendergast6p@sbwire.com,Male,Madrid,Spain,3833 Crest Line Place
243,Laurie,Harlowe,lharlowe6q@csmonitor.com,,Ceuta,Spain,
244,Mohammed,Stotherfield,mstotherfield6r@china.com.cn,Male,Palma De Mallorca,,60 Maywood Pass
245,Olympe,Uwins,ouwins6s@instagram.com,Female,,Spain,75215 Prairie Rose Place
246,Steward,Wondraschek,swondraschek6t@fda.gov,Male,,Spain,6 Onsgard Hill
247,Rolf,Faithfull,rfaithfull6u@ebay.co.uk,Male,Toledo,Spain,4766 Continental Lane
248,Nettie,Eilers,neilers6v@pagesperso-orange.fr,,Vitoria-Gasteiz,Spain,10660 Hallows Point
249,Aloise,McKillop,amckillop6w@sfgate.com,Genderqueer,Albacete,Spain,47138 Fieldstone Road
250,Goddart,Manie,gmanie6x@creativecommons.org,Male,,Spain,18545 Eagan Terrace
251,Brand,Haydney,bhaydney6y@usda.gov,Male,Lleida,Spain,
252,Mitchel,Sutch,msutch6z@t.co,Male,,,47 Monica Terrace
253,Haze,Betteridge,hbetteridge70@webnode.com,Male,Cadiz,Spain,5 Lake View Hill
254,Sterling,Armstead,sarmstead71@unesco.org,Male,Aviles,Spain,
255,Rees,Espadero,respadero72@wikipedia.org,Male,,,59 Hollow Ridge Pass
256,Janeva,Puckring,jpuckring73@pinterest.com,Female,,Spain,7243 Shopko Hill
257,Erick,Copsey,ecopsey74@flickr.com,Male,Toledo,Spain,7 Bartillon Pass
258,Zonnya,Pattie,zpattie75@pcworld.com,Female,Pamplona/Iruña,,6687 Debs Place
259,Benn,Mathiot,bmathiot76@wordpress.com,Male,Valencia,Spain,115 Merchant Alley
260,Mahmoud,Graysmark,mgraysmark77@state.gov,Male,Sevilla,Spain,6 Spohn Hill
261,Shannon,Duce,sduce78@oakley.com,Male,Barcelona,Spain,67949 Mariners Cove Hill
262,Munroe,Jeays,mjeays79@goo.gl,Male,Vitoria-Gasteiz,Spain,9 Summer Ridge Court
263,Della,Elven,delven7a@sbwire.com,Polygender,Granada,Spain,177 Morning Circle
264,Rowe,Silburn,rsilburn7b@hubpages.com,,Granada,Spain,40052 High Crossing Circle
265,Ripley,Lampet,rlampet7c@ucoz.com,Male,Pamplona/Iruña,Spain,42567 Derek Center
266,Laurie,Rubanenko,lrubanenko7d@blogspot.com,Genderfluid,Sevilla,,4258 2nd Terrace
267,Rochester,Coulthard,rcoulthard7e@moonfruit.com,Male,Almeria,,49 Holmberg Hill
268,Yardley,Back,yback7f@discovery.com,Male,Barcelona,Spain,7 Toban Center
269,Renae,Borborough,rborborough7g@mashable.com,Female,Madrid,Spain,699 Forest Dale Terrace
270,Sigfrid,Straine,sstraine7h@exblog.jp,Male,Lleida,,5 Clemons Trail
271,Candis,Jelly,cjelly7i@uol.com.br,Female,,Spain,3437 Scofield Park
272,Conroy,Ansett,cansett7j@bloglovin.com,Male,Logroño,Spain,182 Morrow Crossing
273,Hunter,Godfray,hgodfray7k@statcounter.com,Male,Palma De Mallorca,Spain,067 Canary Circle
274,Bartholomeo,Crumb,bcrumb7l@mit.edu,Male,Badajoz,Spain,797 International Way
275,Ozzy,Woodrooffe,owoodrooffe7m@arizona.edu,Male,,Spain,24475 Hintze Place
276,Tova,Wittey,twittey7n@timesonline.co.uk,Female,"Palmas De Gran Canaria, Las",Spain,87102 Sachtjen Park
277,Eba,Espinha,eespinha7o@discuz.net,Female,Barcelona,Spain,00324 Vahlen Trail
278,Julio,Trenear,jtrenear7p@irs.gov,Male,Malaga,Spain,97775 Oak Point
279,Shelagh,Swyndley,sswyndley7q@wikia.com,Female,Logroño,Spain,512 Meadow Valley Place
280,Gerek,Manchett,gmanchett7r@exblog.jp,Male,Pamplona/Iruña,Spain,2970 Coolidge Circle
281,Laurens,Smeed,lsmeed7s@cyberchimps.com,Male,,Spain,89920 Gulseth Crossing
282,Cherice,Rawstorne,crawstorne7t@technorati.com,Bigender,Vitoria-Gasteiz,,05 Cherokee Circle
283,Cello,Grossman,cgrossman7u@vkontakte.ru,Male,Madrid,Spain,3 Forest Parkway
284,Dona,Jakeman,djakeman7v@myspace.com,Female,Santa Cruz De Tenerife,Spain,1181 Trailsway Center
285,Germain,Yosselevitch,gyosselevitch7w@squidoo.com,Male,Pontevedra,Spain,4502 Hansons Pass
286,Ambrosi,Dikelin,adikelin7x@reddit.com,Male,,Spain,09 Maple Wood Pass
287,Nicolea,Kimblen,nkimblen7y@home.pl,Female,Toledo,Spain,2 Declaration Street
288,Barbee,Benstead,bbenstead7z@xrea.com,Female,Teruel,Spain,9 Rieder Trail
289,Adrian,Matthesius,amatthesius80@weibo.com,Male,Sant Cugat Del Valles,Spain,020 Fisk Terrace
290,Esta,Winscum,ewinscum81@sohu.com,Female,Logroño,Spain,899 Scofield Hill
291,Mella,Durnford,mdurnford82@mail.ru,Genderqueer,Vigo,Spain,84 Beilfuss Court
292,Heidi,Sapseed,hsapseed83@blogtalkradio.com,Female,,Spain,496 Roxbury Lane
293,Alana,Piotrowski,apiotrowski84@multiply.com,Female,Madrid,Spain,5909 Warbler Parkway
294,Jolie,Masseo,jmasseo85@elegantthemes.com,Female,Pamplona/Iruña,Spain,38661 Trailsway Junction
295,Cara,McSorley,cmcsorley86@jigsy.com,Female,Lleida,Spain,3458 Johnson Lane
296,Lindsay,Gosling,lgosling87@twitpic.com,Female,Salamanca,Spain,8783 Main Circle
297,Ari,O'Spillane,aospillane88@miitbeian.gov.cn,Male,Getafe,,6571 Cascade Terrace
298,Patrick,Brockest,pbrockest89@weibo.com,Male,Granada,Spain,146 Pawling Trail
299,Joseph,Gordon,jgordon8a@salon.com,Male,Ferrol,,6756 Jana Parkway
300,Guillemette,Nafziger,gnafziger8b@sciencedirect.com,Female,Cartagena,,66357 Ridgeway Trail
301,Marielle,Claworth,mclaworth8c@boston.com,Female,Leon,Spain,8 Meadow Ridge Street
302,Berrie,Rubury,brubury8d@constantcontact.com,Polygender,Leganes,Spain,
303,Desi,Cheake,dcheake8e@ed.gov,Male,Vigo,Spain,52314 Eastlawn Hill
304,Burnaby,Talby,btalby8f@google.fr,,Malaga,Spain,4 Dixon Trail
305,Koressa,Goley,kgoley8g@wunderground.com,Agender,"Palmas De Gran Canaria, Las",Spain,84 Maywood Lane
306,Berthe,Gowar,bgowar8h@woothemes.com,Female,Leganes,Spain,73 Lunder Circle
307,Merl,Burren,mburren8i@posterous.com,Female,Tarragona,,4563 Waxwing Junction
308,Huberto,Bronot,hbronot8j@latimes.com,Male,Albacete,Spain,5780 Express Court
309,Kylila,Scrymgeour,kscrymgeour8k@dailymail.co.uk,Female,,,91 Holy Cross Plaza
310,Waldemar,Newarte,wnewarte8l@blogs.com,Male,Madrid,Spain,0392 Nancy Junction
311,Worth,Dingivan,wdingivan8m@imageshack.us,Male,Cadiz,Spain,018 Arapahoe Alley
312,Micheline,Spitaro,mspitaro8n@mediafire.com,Female,Castellon De La Plana/Castello De La Pla,Spain,88 Roxbury Drive
313,Nariko,Jon,njon8o@earthlink.net,Female,,Spain,06560 4th Lane
314,Giorgio,Sesons,gsesons8p@dot.gov,Male,,Spain,489 Mosinee Junction
315,Urson,Veall,uveall8q@nbcnews.com,Polygender,Palma De Mallorca,Spain,92780 Lakeland Trail
316,Ellis,Haggerston,ehaggerston8r@cisco.com,Male,Sevilla,Spain,6346 Duke Terrace
317,Glynda,Jessen,gjessen8s@xrea.com,Female,Granada,Spain,0 Victoria Point
318,Ophelia,Finders,ofinders8t@w3.org,Agender,Donostia-San Sebastian,Spain,66724 1st Center
319,Coral,Corsor,ccorsor8u@scientificamerican.com,Female,Huesca,Spain,293 Lunder Parkway
320,Gigi,Haxby,ghaxby8v@cbslocal.com,Female,Zamora,Spain,20 Monterey Junction
321,Tynan,Oty,toty8w@nymag.com,Male,Albacete,,02 Reindahl Terrace
322,Kurtis,Estick,kestick8x@trellian.com,Male,Valladolid,,29 Autumn Leaf Trail
323,Welby,O Sullivan,wosullivan8y@gmpg.org,Male,Madrid,Spain,3310 Merry Court
324,Louella,Belasco,lbelasco8z@w3.org,Female,"Palmas De Gran Canaria, Las",Spain,0856 Debs Road
325,Lalo,Logie,llogie90@msu.edu,Male,Murcia,Spain,5 Lotheville Center
326,Marybelle,Simanenko,msimanenko91@sbwire.com,Female,Malaga,Spain,32891 Heath Hill
327,Collen,Meron,cmeron92@quantcast.com,Female,"Palmas De Gran Canaria, Las",Spain,20 Mayfield Junction
328,Jose,Garrad,jgarrad93@discovery.com,Male,Granada,Spain,18230 Arkansas Avenue
329,Nola,Pigden,npigden94@examiner.com,Genderqueer,Valladolid,Spain,3 North Junction
330,Korie,Stark,kstark95@constantcontact.com,Female,Almeria,Spain,9055 Dexter Plaza
331,Mannie,Tilsley,mtilsley96@wired.com,Male,,Spain,3 Main Circle
332,Matthus,Fetherston,mfetherston97@yandex.ru,Polygender,Fuenlabrada,Spain,28558 Morrow Parkway
333,Kean,Jelf,kjelf98@google.co.jp,Male,Alicante/Alacant,Spain,0683 Dawn Center
334,Sandy,McLukie,smclukie99@sourceforge.net,Male,Logroño,,439 Park Meadow Lane
335,Joela,Whitley,jwhitley9a@ca.gov,Female,Granada,Spain,7440 Kedzie Court
336,Marinna,Daen,mdaen9b@barnesandnoble.com,Female,Cartagena,Spain,83 Bayside Street
337,Julian,Greengrass,jgreengrass9c@dailymotion.com,Non-binary,Ferrol,Spain,679 Ilene Hill
338,Abdel,Andren,aandren9d@bandcamp.com,Male,Madrid,Spain,8351 Waubesa Pass
339,Karlotte,Dudenie,kdudenie9e@ameblo.jp,Female,,Spain,1024 Moose Pass
340,Ricki,Ranby,rranby9f@pen.io,Female,Valencia,Spain,271 Oneill Crossing
341,Janine,Sturgeon,jsturgeon9g@geocities.jp,Female,Badajoz,Spain,78480 Brentwood Junction
342,Arnold,Burrass,aburrass9h@illinois.edu,Male,Zaragoza,,7 Karstens Junction
343,Gage,Towndrow,gtowndrow9i@dell.com,Male,Madrid,,5 Melrose Circle
344,Sumner,Ephgrave,sephgrave9j@shareasale.com,Male,Palma De Mallorca,,977 Dottie Way
345,Heath,Tomasino,htomasino9k@telegraph.co.uk,Genderqueer,Leon,Spain,4 Northwestern Plaza
346,Avrit,Franzonello,afranzonello9l@time.com,Female,Vitoria-Gasteiz,,37 Clove Terrace
347,Egbert,Leborgne,eleborgne9m@reuters.com,Male,Sevilla,Spain,7 Quincy Way
348,Maure,Dunmore,mdunmore9n@de.vu,Female,Lleida,Spain,06 Vera Pass
349,Nate,Haynesford,nhaynesford9o@msu.edu,Male,Vitoria-Gasteiz,Spain,183 Dunning Way
350,Daniela,Dilliston,ddilliston9p@dyndns.org,Polygender,"Palmas De Gran Canaria, Las",Spain,920 Golf Course Circle
351,Drucy,Hanscom,dhanscom9q@webnode.com,Female,Murcia,Spain,50853 Spenser Crossing
352,Gussi,Winterbourne,gwinterbourne9r@cocolog-nifty.com,Female,Lugo,Spain,6 Hansons Court
353,Kynthia,Vasyushkhin,kvasyushkhin9s@csmonitor.com,Female,Pontevedra,Spain,1668 Bayside Terrace
354,Dynah,Pawlik,dpawlik9t@mapy.cz,Female,Badajoz,,9820 Sullivan Trail
355,Chico,Saile,csaile9u@shinystat.com,Male,Leon,Spain,0 1st Way
356,Marisa,Chrystie,mchrystie9v@furl.net,Female,Palencia,Spain,0955 Utah Crossing
357,Eileen,Karet,ekaret9w@joomla.org,Female,Zamora,Spain,88062 Crownhardt Park
358,Jeannie,Duguid,jduguid9x@wp.com,Female,Pamplona/Iruña,Spain,4381 Lukken Drive
359,Sonja,Hacquoil,shacquoil9y@state.gov,Female,"Coruña, A",Spain,856 Riverside Place
360,Harriot,Hasted,hhasted9z@patch.com,Female,Malaga,Spain,51675 Johnson Terrace
361,Fairlie,Puttrell,fputtrella0@phpbb.com,Male,Lleida,Spain,5908 Scofield Way
362,Farlay,Hebson,fhebsona1@oakley.com,Male,Granada,Spain,4 Westend Circle
363,Andy,Seeviour,aseevioura2@nhs.uk,Female,Valladolid,Spain,26024 Hanover Parkway
364,Collin,Harvatt,charvatta3@comsenz.com,Genderfluid,Cadiz,Spain,90 Crowley Terrace
365,Orland,Laetham,olaethama4@flavors.me,Male,Salamanca,Spain,12 Hoard Junction
366,Giacinta,Sybbe,gsybbea5@springer.com,Female,Madrid,Spain,35 Longview Park
367,Kerri,Pane,kpanea6@tripod.com,Female,Madrid,Spain,578 Dayton Way
368,Kathy,McBrearty,kmcbreartya7@google.com.au,Female,Vitoria-Gasteiz,,4119 Butternut Hill
369,Quintina,Danilevich,qdanilevicha8@kickstarter.com,Agender,Castellon De La Plana/Castello De La Pla,Spain,192 Buhler Court
370,Yardley,Moisey,ymoiseya9@bravesites.com,Male,,Spain,36207 Vidon Hill
371,Ludvig,Sexton,lsextonaa@discovery.com,Male,Lleida,Spain,5 Debra Parkway
372,Jonas,Overell,joverellab@uol.com.br,Male,Salamanca,Spain,4 Reinke Street
373,Madel,Aspital,maspitalac@dyndns.org,Genderqueer,Pontevedra,Spain,39297 Arkansas Terrace
374,Dominica,Aslum,daslumad@ezinearticles.com,Female,Albacete,Spain,3 Armistice Lane
375,Elisha,Pinwill,epinwillae@devhub.com,Female,"Palmas De Gran Canaria, Las",Spain,
376,Stacy,Millward,smillwardaf@auda.org.au,Polygender,Santiago De Compostela,Spain,8 Mallory Drive
377,Janith,Brunt,jbruntag@marriott.com,Female,Valladolid,Spain,5482 Huxley Park
378,Toiboid,Ivanyutin,tivanyutinah@amazon.co.uk,Male,,Spain,6 Petterle Avenue
379,Dasya,Pires,dpiresai@arstechnica.com,Female,Madrid,Spain,180 Fremont Junction
380,Otto,Skerratt,oskerrattaj@reverbnation.com,Polygender,Sevilla,Spain,1315 Spohn Circle
381,Shelli,Cellier,scellierak@unblog.fr,Female,Pamplona/Iruña,Spain,
382,Minni,Hayes,mhayesal@naver.com,Female,Pontevedra,Spain,19107 Lunder Circle
383,Sanford,Featherstonhalgh,sfeatherstonhalgham@google.fr,Male,Cartagena,Spain,9 Mandrake Road
384,Peri,Torns,ptornsan@mozilla.com,Female,Granada,Spain,63 Green Ridge Junction
385,Rick,Macci,rmacciao@wufoo.com,Male,Badajoz,Spain,2 Crescent Oaks Point
386,King,Cromar,kcromarap@zdnet.com,Male,Teruel,Spain,400 Leroy Center
387,Dierdre,Moylane,dmoylaneaq@cpanel.net,Female,Granada,,000 Mosinee Avenue
388,Murial,Pasterfield,mpasterfieldar@yahoo.co.jp,Genderqueer,Vitoria-Gasteiz,Spain,66453 Bultman Street
389,Thebault,Lacroux,tlacrouxas@miitbeian.gov.cn,Male,Almeria,Spain,38 Rigney Circle
390,Jordain,Kolodziej,jkolodziejat@amazon.co.uk,Female,Granada,,9 Hoffman Road
391,Sean,Roo,srooau@ft.com,Female,Pamplona/Iruña,Spain,6 Gale Park
392,Dalt,Cullon,dcullonav@google.ca,Male,,Spain,42970 Talisman Way
393,Dniren,Gainsboro,dgainsboroaw@furl.net,Female,Cadiz,Spain,66 Arrowood Court
394,Kelsy,Tansill,ktansillax@tinypic.com,Genderfluid,Zamora,,44 Mccormick Point
395,Mollee,Lettice,mletticeay@vk.com,,,Spain,6 Meadow Valley Avenue
396,Hilliard,Bentham,hbenthamaz@sakura.ne.jp,Male,Cartagena,Spain,85248 Ramsey Trail
397,Levin,Hutcheons,lhutcheonsb0@wordpress.org,Male,Toledo,,2465 Melvin Avenue
398,Pauly,Shoubridge,pshoubridgeb1@mail.ru,Female,"Coruña, A",Spain,85800 Monument Trail
399,Baird,Vallantine,bvallantineb2@cnbc.com,,Leganes,Spain,7 Laurel Pass
400,Melisandra,Harvard,mharvardb3@elpais.com,Female,Granada,Spain,09 Jana Avenue
401,Rancell,Capron,rcapronb4@qq.com,Male,,Spain,64966 Hayes Way
402,Ailene,Mantione,amantioneb5@ezinearticles.com,Female,Murcia,Spain,8 Logan Alley
403,Meghan,Youde,myoudeb6@freewebs.com,Female,Vitoria-Gasteiz,Spain,452 Linden Circle
404,Dionysus,Hambidge,dhambidgeb7@surveymonkey.com,Male,Logroño,Spain,1 Victoria Parkway
405,Gizela,Janu,gjanub8@mac.com,Female,Valladolid,Spain,82899 Mallory Court
406,Valerye,Dmitrienko,vdmitrienkob9@cnn.com,Female,Santiago De Compostela,Spain,7578 Anderson Lane
407,Hi,Sikora,hsikoraba@dion.ne.jp,Male,Donostia-San Sebastian,Spain,3 Ryan Pass
408,Brittne,Weich,,Genderfluid,Pontevedra,Spain,763 Mayer Lane
409,Dagny,Piddletown,dpiddletownbc@cloudflare.com,Male,Cadiz,Spain,769 Thackeray Road
410,Crissy,Strodder,cstrodderbd@storify.com,Female,Jaen,Spain,002 Cordelia Place
411,Emlynn,Snoding,esnodingbe@yellowpages.com,Female,Tarragona,Spain,29351 Corben Pass
412,Ebony,Swanger,eswangerbf@nature.com,Female,Almeria,Spain,0553 Express Parkway
413,Tannie,Banasiak,tbanasiakbg@wp.com,Male,Donostia-San Sebastian,Spain,44243 Colorado Pass
414,Natalina,Broxup,nbroxupbh@sphinn.com,Female,Donostia-San Sebastian,Spain,8073 Oriole Junction
415,Mortie,Kidston,mkidstonbi@paypal.com,Male,Zaragoza,Spain,7653 Ryan Court
416,Cornela,Lanyon,clanyonbj@privacy.gov.au,Female,Granada,Spain,53732 Ryan Street
417,Karee,Skae,kskaebk@myspace.com,Female,Getafe,Spain,244 Maryland Point
418,Urban,Mapstone,,Male,,Spain,1 Sullivan Circle
419,Hunt,Dench,hdenchbm@jugem.jp,Male,Zamora,Spain,82 Menomonie Court
420,Paco,Feek,pfeekbn@reuters.com,Male,Palma De Mallorca,Spain,546 Corry Drive
421,Elie,Pierpoint,epierpointbo@umich.edu,Female,Sabadell,Spain,15568 Jana Drive
422,Dwight,Rottenbury,drottenburybp@umich.edu,Male,,Spain,5 Stephen Avenue
423,Melvin,Holsey,mholseybq@ebay.com,Male,Vitoria-Gasteiz,Spain,69 Sage Park
424,Gibbie,Steen,gsteenbr@wikipedia.org,Male,Malaga,Spain,9793 Vahlen Center
425,Gustie,Leele,gleelebs@howstuffworks.com,Female,"Palmas De Gran Canaria, Las",Spain,66 Corben Crossing
426,Maison,Hogbourne,mhogbournebt@mit.edu,Male,Palma De Mallorca,Spain,033 Lighthouse Bay Street
427,Raffarty,Dark,rdarkbu@uiuc.edu,Male,Albacete,,07 Bunker Hill Road
428,Reeba,Hayen,rhayenbv@earthlink.net,,Albacete,Spain,26 Spenser Terrace
429,Emelyne,Jeckells,ejeckellsbw@jiathis.com,,Castellon De La Plana/Castello De La Pla,Spain,251 Grasskamp Drive
430,Kamilah,Nason,knasonbx@diigo.com,,Cadiz,Spain,9408 Michigan Lane
431,Rockey,McKim,rmckimby@usgs.gov,Male,Badajoz,Spain,0784 Hovde Terrace
432,Minor,Hryskiewicz,mhryskiewiczbz@businessweek.com,Male,Dos Hermanas,Spain,3 Declaration Way
433,Oren,Winkett,owinkettc0@indiegogo.com,Male,Palma De Mallorca,,9803 Dunning Terrace
434,Tracy,Overall,toverallc1@answers.com,Female,Ceuta,Spain,1 Porter Trail
435,Kirsteni,Zamudio,kzamudioc2@opera.com,Female,Tarragona,Spain,23 Hanover Road
436,Jessalyn,Richardot,jrichardotc3@msn.com,Female,Albacete,,37914 Westport Place
437,Vallie,Nazair,vnazairc4@weebly.com,Female,,Spain,4716 Killdeer Center
438,Westley,Limpenny,wlimpennyc5@trellian.com,Male,Madrid,Spain,945 Bunker Hill Plaza
439,Tanya,Brachell,tbrachellc6@youtube.com,Female,Santa Cruz De Tenerife,Spain,9 Lotheville Court
440,Kalila,Goldspink,,Female,Sevilla,,973 Loomis Avenue
441,Lucias,Asche,laschec8@irs.gov,Male,"Palmas De Gran Canaria, Las",Spain,62 Autumn Leaf Place
442,Lona,Bohlmann,lbohlmannc9@moonfruit.com,Female,Granada,,142 Basil Center
443,Celesta,Durling,cdurlingca@java.com,Female,,Spain,685 Autumn Leaf Parkway
444,Benedicto,Mochar,bmocharcb@eepurl.com,Male,Vigo,Spain,317 Declaration Drive
445,Shelagh,Withnall,swithnallcc@posterous.com,Female,Madrid,Spain,7075 Toban Plaza
446,Gerri,Widdowfield,,Male,Lleida,,61207 Granby Drive
447,Winny,Stagg,wstaggce@hc360.com,,Murcia,Spain,9274 Monterey Avenue
448,Isobel,Baty,ibatycf@mozilla.com,Female,Logroño,Spain,0 Barnett Court
449,Zita,Aleveque,zalevequecg@friendfeed.com,Female,Donostia-San Sebastian,Spain,284 Dunning Pass
450,Reilly,Elen,relench@about.com,Male,Madrid,Spain,6 Pepper Wood Alley
451,Robinet,Ewington,rewingtonci@quantcast.com,Male,Lleida,Spain,997 Stone Corner Pass
452,Elisha,Vose,evosecj@bravesites.com,Female,,Spain,05 Reinke Pass
453,Juditha,Kidney,jkidneyck@sourceforge.net,Female,Palencia,Spain,724 Saint Paul Avenue
454,Joelly,Ivanishev,jivanishevcl@yahoo.co.jp,,Madrid,Spain,94 Melody Junction
455,Mateo,Davidovits,,Male,Santiago De Compostela,Spain,17906 Miller Court
456,Sissy,Armatidge,sarmatidgecn@studiopress.com,,Jaen,Spain,85877 Del Sol Way
457,Betsey,Hammant,bhammantco@qq.com,Female,Vitoria-Gasteiz,,732 Esker Street
458,Elvera,Bottrell,ebottrellcp@goodreads.com,Female,Badajoz,Spain,90 Sommers Terrace
459,Berri,Withinshaw,bwithinshawcq@unicef.org,Female,Pamplona/Iruña,Spain,222 Bashford Road
460,Juliette,Mariet,jmarietcr@mediafire.com,Female,Telde,Spain,415 Mockingbird Pass
461,Willetta,Fearnall,wfearnallcs@i2i.jp,Female,Palma De Mallorca,,3240 Fremont Court
462,Bax,Blofeld,bblofeldct@mashable.com,Male,,Spain,645 Miller Way
463,Curtice,Leyfield,cleyfieldcu@zimbio.com,Male,,Spain,200 Arizona Plaza
464,Talbot,Croizier,tcroiziercv@msu.edu,Male,Cartagena,Spain,84 Lake View Park
465,Gerrie,MacGauhy,gmacgauhycw@storify.com,Genderqueer,Valencia,Spain,4 Tennyson Parkway
466,Ruddy,Kamenar,rkamenarcx@twitpic.com,Male,Badajoz,,786 Manufacturers Court
467,Camala,Pays,cpayscy@friendfeed.com,Female,Pamplona/Iruña,Spain,4013 Sundown Alley
468,Wilbur,Lies,wliescz@yellowbook.com,Male,,Spain,25 Schurz Alley
469,Sauveur,Jaan,sjaand0@sohu.com,Bigender,,Spain,629 Sugar Avenue
470,Vitoria,Taplow,vtaplowd1@redcross.org,Female,"Hospitalet De Llobregat, L'",Spain,8572 Melrose Plaza
471,Bonnibelle,Artus,bartusd2@histats.com,Female,Castellon De La Plana/Castello De La Pla,Spain,3406 Donald Way
472,Sile,Olyfant,solyfantd3@virginia.edu,Female,"Palmas De Gran Canaria, Las",,115 Cordelia Alley
473,Tedd,Wallhead,twallheadd4@biglobe.ne.jp,Male,Zaragoza,Spain,89 Westridge Avenue
474,Creigh,Clive,cclived5@deliciousdays.com,Male,Donostia-San Sebastian,Spain,27981 Darwin Trail
475,Korie,Mobbs,kmobbsd6@lulu.com,Female,Madrid,Spain,81335 Fuller Court
476,Frasco,Saldler,fsaldlerd7@thetimes.co.uk,Male,Malaga,Spain,0 4th Circle
477,Querida,Durram,qdurramd8@nymag.com,Female,Valencia,Spain,79981 Calypso Place
478,Luce,Flynn,lflynnd9@imdb.com,Male,Aviles,,1745 Russell Center
479,Lana,Kirkbright,,Female,Pontevedra,Spain,3 Lawn Court
480,Kendal,Nuschke,knuschkedb@people.com.cn,Male,Ceuta,Spain,453 Hallows Lane
481,Marty,Rebanks,mrebanksdc@sitemeter.com,Male,Vitoria-Gasteiz,,65 Northview Drive
482,Alonso,Bigly,abiglydd@webeden.co.uk,Male,Malaga,Spain,34252 Haas Crossing
483,Clemente,Ruthen,cruthende@seattletimes.com,Male,Granada,,9 Crescent Oaks Point
484,Traci,Keets,tkeetsdf@zdnet.com,Female,Pamplona/Iruña,Spain,223 Dovetail Street
485,Cristal,Cello,ccellodg@w3.org,Female,Palma De Mallorca,Spain,55 8th Circle
486,Daffy,Dodds,ddoddsdh@globo.com,Female,Leganes,Spain,79 Westend Street
487,Lane,Laurenz,llaurenzdi@disqus.com,Female,Madrid,,80 Vahlen Avenue
488,Purcell,Pashen,ppashendj@altervista.org,Male,Murcia,Spain,25538 Laurel Point
489,Ransom,O'Dempsey,rodempseydk@freewebs.com,Male,Murcia,Spain,129 Saint Paul Pass
490,Herbie,Verney,hverneydl@nationalgeographic.com,Male,Gijon,Spain,3 Sachtjen Alley
491,Hertha,Micheli,hmichelidm@yellowpages.com,,,Spain,07183 Spohn Road
492,Adler,Closs,aclossdn@sun.com,Male,Madrid,Spain,64 Stephen Drive
493,Farrel,Durtnel,fdurtneldo@vistaprint.com,Male,Teruel,Spain,2561 Tony Park
494,Wilmette,Bummfrey,wbummfreydp@miitbeian.gov.cn,Female,Palma De Mallorca,Spain,456 Hazelcrest Circle
495,Humfrid,Dybald,hdybalddq@clickbank.net,Male,Pontevedra,Spain,4 Eliot Circle
496,Pinchas,Rains,prainsdr@moonfruit.com,Male,Lleida,,396 1st Trail
497,Gabe,Lensch,glenschds@mediafire.com,Male,Cartagena,Spain,0613 Cardinal Lane
498,Padgett,Painter,ppainterdt@scientificamerican.com,Male,Barcelona,Spain,5 Artisan Lane
499,Craggy,Segar,csegardu@goo.gl,Male,Ourense,,69066 Gateway Road
500,Kelby,Camelia,kcameliadv@wunderground.com,Male,Santiago De Compostela,Spain,6217 Arrowood Junction
501,Gavan,McRannell,gmcrannelldw@time.com,Bigender,"Coruña, A",Spain,51654 Moose Plaza
502,Oriana,Iacomini,oiacominidx@yahoo.co.jp,,Pamplona/Iruña,Spain,45922 Armistice Drive
503,Kayley,Tille,ktilledy@senate.gov,Female,Ferrol,Spain,356 Armistice Plaza
504,Desirae,Faircliff,dfaircliffdz@zimbio.com,Female,Valladolid,,
505,Johann,Cousans,jcousanse0@ucoz.com,Male,Palma De Mallorca,Spain,835 Paget Drive
506,Gardie,Meins,gmeinse1@hostgator.com,Male,Huesca,Spain,01 Blackbird Point
507,Else,Okie,eokiee2@harvard.edu,Female,Leon,Spain,53316 Loomis Alley
508,Ninette,Guest,ngueste3@slideshare.net,Female,Jaen,Spain,44997 Bartillon Center
509,Baxie,Colerick,bcolericke4@si.edu,Male,Vigo,Spain,171 Sauthoff Circle
510,Marylin,Faichney,mfaichneye5@w3.org,Female,Sevilla,,0 Carpenter Alley
511,Link,O'Corren,locorrene6@va.gov,Male,Albacete,Spain,170 Kedzie Lane
512,Myrilla,Vale,mvalee7@uiuc.edu,Female,Leon,Spain,49394 Elmside Plaza
513,Gisella,Woollam,gwoollame8@ucoz.com,Polygender,"Coruña, A",Spain,735 Memorial Avenue
514,Gussy,Kynaston,gkynastone9@marriott.com,Female,Granada,Spain,340 Truax Lane
515,Mignonne,Ternott,mternottea@state.tx.us,Female,Vitoria-Gasteiz,Spain,80 Waxwing Park
516,Mattie,Dinzey,mdinzeyeb@mysql.com,Male,Santander,,2916 Shoshone Drive
517,Jeana,Dowse,jdowseec@com.com,Female,Granada,Spain,640 Johnson Drive
518,Joanna,Workman,jworkmaned@fotki.com,Female,Cadiz,Spain,6 Blue Bill Park Alley
519,Adena,Headford,aheadfordee@usa.gov,Female,Alicante/Alacant,Spain,0797 Johnson Parkway
520,Manuel,Tatlock,mtatlockef@vistaprint.com,Male,Palma De Mallorca,Spain,184 Loomis Alley
521,Hilarius,St Ledger,hstledgereg@youku.com,Male,Albacete,Spain,6 Pennsylvania Alley
522,Claude,Raigatt,craigatteh@slideshare.net,Female,Madrid,Spain,73128 Badeau Avenue
523,Quintin,MacGillespie,qmacgillespieei@slashdot.org,Male,,,77 Melrose Alley
524,Murdoch,Stonehouse,mstonehouseej@walmart.com,Male,,,6878 Debs Street
525,Starla,Keuning,skeuningek@princeton.edu,Female,Salamanca,Spain,71 Maple Point
526,Mayor,Tock,mtockel@nydailynews.com,Male,Granada,Spain,6920 Logan Pass
527,Janeta,Versey,jverseyem@macromedia.com,Female,Getafe,Spain,55551 Hoepker Point
528,Bentlee,Baise,bbaiseen@google.nl,Male,Pamplona/Iruña,,097 Corben Park
529,Alethea,Szimoni,aszimonieo@exblog.jp,,Santander,Spain,202 Golf Course Place
530,Brear,Castaner,bcastanerep@e-recht24.de,Female,Sevilla,Spain,106 Dwight Trail
531,Alene,Boobier,aboobiereq@mapquest.com,Female,Santander,Spain,77382 Starling Center
532,Stephani,Uppett,suppetter@indiatimes.com,Genderfluid,Palencia,Spain,61 International Trail
533,Colline,Choppin,cchoppines@yahoo.co.jp,Female,Sevilla,Spain,91 Mallard Lane
534,Lovell,Rishman,lrishmanet@trellian.com,Polygender,,,0 Mcbride Crossing
535,Sergent,Sympson,ssympsoneu@phoca.cz,,Madrid,Spain,96344 Alpine Lane
536,Franz,McBrearty,fmcbreartyev@furl.net,Male,Palma De Mallorca,Spain,4 Straubel Drive
537,Craig,Sheepy,csheepyew@goo.ne.jp,Male,Ourense,,0259 Center Hill
538,Fanni,Harmond,fharmondex@marriott.com,Female,Palma De Mallorca,Spain,37 Hoepker Lane
539,Margalo,Steketee,,Female,Zamora,Spain,7 Warbler Street
540,Angelia,Beckingham,abeckinghamez@google.it,Female,Murcia,Spain,15466 Oriole Parkway
541,Maryl,Kindle,mkindlef0@lulu.com,Female,Santander,Spain,84132 Independence Way
542,Francisco,Struther,fstrutherf1@mapy.cz,Male,,Spain,36 Glacier Hill Crossing
543,Mano,Briat,mbriatf2@parallels.com,,Sevilla,,90 Bultman Street
544,Angelika,Heinschke,aheinschkef3@webmd.com,Female,"Coruña, A",Spain,63 Buena Vista Junction
545,Killie,Klagges,kklaggesf4@studiopress.com,Male,Malaga,Spain,456 Huxley Road
546,Penny,Mallison,pmallisonf5@bbc.co.uk,Female,Palma De Mallorca,Spain,213 Montana Street
547,Electra,Duffree,eduffreef6@usgs.gov,,,Spain,9 Evergreen Terrace
548,Byran,Van der Brugge,bvanderbruggef7@discovery.com,Male,Malaga,Spain,02778 Artisan Drive
549,Vasilis,Vaughton,vvaughtonf8@goo.gl,Male,Donostia-San Sebastian,Spain,
550,Rosemonde,Casaro,rcasarof9@edublogs.org,Female,,Spain,088 1st Avenue
551,Jill,Diggin,jdigginfa@yandex.ru,Female,,Spain,904 Portage Drive
552,Germain,Fouldes,gfouldesfb@unblog.fr,Male,Granada,Spain,65 Riverside Lane
553,Shermie,Sagerson,ssagersonfc@cbc.ca,Bigender,Castellon De La Plana/Castello De La Pla,Spain,59189 Sunfield Point
554,Deva,Palphramand,dpalphramandfd@skype.com,Female,Leon,Spain,5503 Havey Lane
555,Martynne,Cowser,mcowserfe@imgur.com,Non-binary,Sevilla,Spain,53739 Mifflin Point
556,Roda,Keneleyside,rkeneleysideff@photobucket.com,,Zamora,Spain,29 Jay Point
557,Ruthie,Daughton,rdaughtonfg@ed.gov,Female,Madrid,Spain,01 Gina Pass
558,Gary,Pritchard,gpritchardfh@nih.gov,Male,Valencia,Spain,4003 Continental Road
559,Anabal,Eggerton,aeggertonfi@ft.com,,Vitoria-Gasteiz,Spain,6671 Ryan Lane
560,Jocelin,Cockland,jcocklandfj@twitter.com,Female,Ferrol,Spain,38383 Lyons Avenue
561,Dori,Brougham,dbroughamfk@exblog.jp,Female,Tarragona,,78 Tennessee Hill
562,Chrotoem,Giller,cgillerfl@microsoft.com,Male,Elx/Elche,Spain,0118 Sunfield Plaza
563,Jacobo,Meach,jmeachfm@google.es,Male,Lleida,Spain,47750 Pine View Road
564,Tracy,Bramley,tbramleyfn@vinaora.com,Polygender,Cadiz,Spain,6195 Kenwood Way
565,Arny,Dono,adonofo@t.co,Male,Madrid,Spain,6 New Castle Parkway
566,Dene,Newvell,dnewvellfp@unicef.org,Male,Teruel,Spain,897 Westerfield Avenue
567,Chickie,Corkhill,ccorkhillfq@china.com.cn,Male,Valladolid,Spain,9 4th Street
568,Willey,Mair,wmairfr@engadget.com,,Madrid,Spain,786 Hauk Court
569,Mickie,Prando,mprandofs@mapquest.com,Agender,Malaga,,2107 Monica Point
570,Gweneth,Dossett,gdossettft@elegantthemes.com,Female,,Spain,825 Linden Pass
571,Guilbert,Chopping,gchoppingfu@samsung.com,Male,Santiago De Compostela,Spain,731 Trailsway Parkway
572,Odell,Coldrick,ocoldrickfv@addthis.com,Male,Madrid,Spain,29526 Scofield Lane
573,Savina,Robertelli,srobertellifw@hao123.com,Female,"Palmas De Gran Canaria, Las",,95976 Declaration Drive
574,Stevie,Bignall,sbignallfx@opensource.org,,Castellon De La Plana/Castello De La Pla,Spain,64869 Huxley Park
575,Beauregard,Escalante,bescalantefy@reuters.com,Genderqueer,"Hospitalet De Llobregat, L'",Spain,3 Londonderry Street
576,Koressa,Chaize,kchaizefz@berkeley.edu,Female,Pamplona/Iruña,Spain,84 Magdeline Terrace
577,Binny,Sappson,bsappsong0@howstuffworks.com,Female,Santander,Spain,4 5th Drive
578,Malinda,Baldazzi,,Agender,Torrevieja,Spain,4079 Westend Parkway
579,Aleen,Mountfort,amountfortg2@sakura.ne.jp,,Huesca,Spain,6304 Sauthoff Lane
580,Gwenneth,Larwell,glarwellg3@sfgate.com,Female,Gijon,Spain,11 Huxley Terrace
581,Leeann,Kasbye,lkasbyeg4@purevolume.com,Female,Sant Cugat Del Valles,Spain,2 Oriole Street
582,Thomasa,Grastye,tgrastyeg5@shinystat.com,Female,Valencia,Spain,0781 Glacier Hill Road
583,Townie,Beynke,tbeynkeg6@webs.com,Male,Castellon De La Plana/Castello De La Pla,Spain,75 6th Place
584,Gareth,Hanby,ghanbyg7@foxnews.com,Male,Santiago De Compostela,Spain,57867 Thompson Park
585,Beaufort,Jina,bjinag8@microsoft.com,Male,Donostia-San Sebastian,Spain,03 Pepper Wood Way
586,Ferdinanda,Thomlinson,fthomlinsong9@posterous.com,Female,Valladolid,Spain,5018 Vernon Lane
587,Del,Cerman,dcermanga@icio.us,Male,"Coruña, A",Spain,64965 Schurz Pass
588,Dallas,Binks,dbinksgb@digg.com,Female,Leon,,26714 New Castle Alley
589,Teddy,Matovic,tmatovicgc@zimbio.com,Male,Malaga,Spain,86 Beilfuss Terrace
590,Verena,Sleicht,vsleichtgd@bravesites.com,Female,Pamplona/Iruña,Spain,511 Welch Drive
591,Fionna,Disman,fdismange@artisteer.com,Female,Fuenlabrada,Spain,80 Manufacturers Crossing
592,Beilul,Ropartz,bropartzgf@twitter.com,Female,Sevilla,Spain,54802 Parkside Park
593,Noreen,Crann,,Female,Leon,Spain,875 Lake View Point
594,Georgie,Tippett,gtippettgh@google.co.jp,Male,Valencia,,55717 Pond Terrace
595,Thorny,Peter,tpetergi@woothemes.com,Male,,Spain,76 Pepper Wood Terrace
596,Brynn,Tinline,btinlinegj@cbsnews.com,Female,Badajoz,Spain,97 Dorton Alley
597,Adaline,Denmead,adenmeadgk@mail.ru,Female,Getafe,Spain,56 Westerfield Park
598,Raynor,Trussman,rtrussmangl@google.cn,Male,Santiago De Compostela,Spain,545 Saint Paul Plaza
599,Reidar,Osmint,rosmintgm@apache.org,Male,Telde,Spain,355 Rieder Point
600,Wallis,Constable,wconstablegn@topsy.com,Male,Sevilla,Spain,21 Warner Junction
601,Cecilia,Lush,,Female,Malaga,Spain,03819 Mallard Avenue
602,Renaud,Aberkirdo,,Male,,Spain,112 Gerald Lane
603,Ezra,Vain,evaingq@buzzfeed.com,Male,Badajoz,Spain,04 Cascade Crossing
604,Abdel,Harlow,aharlowgr@harvard.edu,Male,Sevilla,Spain,2 Spohn Parkway
605,Burl,Brasted,bbrastedgs@netlog.com,Male,Zamora,Spain,6 Transport Road
606,Cymbre,Shapland,cshaplandgt@vkontakte.ru,Female,Ourense,,87164 Northridge Way
607,Helenka,Petrie,hpetriegu@yelp.com,,Malaga,Spain,63 Northridge Terrace
608,Gloria,Standrin,gstandringv@amazon.com,Female,Pontevedra,Spain,14810 Ridgeview Trail
609,Gwendolen,Hagyard,ghagyardgw@merriam-webster.com,Female,Madrid,Spain,30385 Sutherland Alley
610,Matelda,Jobb,mjobbgx@nyu.edu,Female,Palma De Mallorca,Spain,82617 Surrey Alley
611,Jacinda,Kenna,jkennagy@sbwire.com,Female,,Spain,48639 Erie Park
612,Germaine,Dragoe,gdragoegz@msn.com,Male,,,
613,Johnny,Lemary,jlemaryh0@altervista.org,Male,,Spain,5512 Dixon Drive
614,Ardath,Wadforth,awadforthh1@tinyurl.com,Female,,Spain,4 Arkansas Plaza
615,Rudd,Palphramand,rpalphramandh2@illinois.edu,Male,Logroño,Spain,0 Spaight Pass
616,Crawford,Daymond,cdaymondh3@indiatimes.com,Male,,Spain,920 Upham Park
617,Clark,Bulch,cbulchh4@wikispaces.com,Male,Madrid,Spain,3 Lotheville Point
618,Bridie,Bygreaves,bbygreavesh5@macromedia.com,Female,Vitoria-Gasteiz,Spain,892 Heffernan Court
619,Nicky,Bernier,nbernierh6@4shared.com,Agender,Valladolid,Spain,55 Waubesa Trail
620,Neala,Dureden,nduredenh7@illinois.edu,,Granada,,28 Luster Point
621,Tarah,Geldart,tgeldarth8@hibu.com,Female,Vigo,,8 Lillian Park
622,Rosemaria,Giblin,rgiblinh9@weibo.com,Female,Santander,Spain,49744 Lindbergh Parkway
623,Jaynell,Laxe,jlaxeha@sphinn.com,Female,Castellon De La Plana/Castello De La Pla,Spain,448 Maple Wood Street
624,Lonni,Espine,lespinehb@globo.com,Female,Santander,Spain,59300 Monica Center
625,Carly,Camous,ccamoushc@chron.com,Polygender,Granada,Spain,40 Lien Alley
626,Katheryn,Fairy,kfairyhd@nymag.com,Polygender,Barcelona,Spain,87317 Rowland Parkway
627,Berty,Hasloch,bhaslochhe@wikimedia.org,Male,Sabadell,Spain,43 Carioca Circle
628,Devondra,Mathias,dmathiashf@newyorker.com,Female,Logroño,Spain,840 Summit Street
629,Opaline,Alti,oaltihg@ifeng.com,,,Spain,4934 Heath Junction
630,Gerick,Oris,gorishh@dailymotion.com,Male,,Spain,9593 Valley Edge Road
631,Janna,McLaren,jmclarenhi@ihg.com,Female,Granada,Spain,34 Elka Circle
632,Trudie,McClounan,tmcclounanhj@wsj.com,Female,Teruel,Spain,1 Ridgeview Lane
633,Linnea,Drinan,ldrinanhk@java.com,,,Spain,5 Service Trail
634,Donnie,Boller,dbollerhl@webeden.co.uk,Male,Logroño,Spain,233 Luster Pass
635,Dehlia,Vedishchev,dvedishchevhm@wiley.com,Female,Donostia-San Sebastian,,291 Oak Valley Circle
636,Em,Kealy,ekealyhn@fc2.com,Female,Palma De Mallorca,Spain,565 Elka Court
637,Rodd,Baldinotti,rbaldinottiho@themeforest.net,Male,Santiago De Compostela,,1931 Sullivan Crossing
638,Jethro,Squibbes,jsquibbeshp@xing.com,Male,Huesca,Spain,53676 Kingsford Junction
639,Ozzy,Cannings,ocanningshq@statcounter.com,Male,Dos Hermanas,Spain,650 Northridge Way
640,Nadiya,Girling,ngirlinghr@quantcast.com,Female,,Spain,119 Laurel Street
641,Jaclyn,Braisher,jbraisherhs@google.co.uk,Female,Valencia,Spain,44 Novick Pass
642,Althea,Delgadillo,adelgadilloht@opensource.org,Female,Ceuta,Spain,02 Badeau Plaza
643,Matt,Bishop,mbishophu@discuz.net,Non-binary,Donostia-San Sebastian,Spain,414 Forster Terrace
644,Germaine,O' Gara,gogarahv@miitbeian.gov.cn,Male,"Coruña, A",Spain,7131 Rutledge Court
645,Ericha,Castane,ecastanehw@google.com.au,Bigender,Badajoz,Spain,10348 Clarendon Court
646,Ashbey,Parkyns,aparkynshx@soundcloud.com,Male,Barcelona,Spain,14018 Pankratz Junction
647,Priscella,Sciusscietto,psciussciettohy@usgs.gov,Female,Sabadell,Spain,0732 Westridge Lane
648,Osborn,Espinosa,oespinosahz@ucoz.ru,Male,Granada,Spain,5 Blue Bill Park Circle
649,Johnnie,Bagehot,jbagehoti0@cisco.com,Male,Barcelona,Spain,8 Ruskin Pass
650,Anna,Edinburgh,aedinburghi1@salon.com,Female,"Coruña, A",Spain,6603 Ryan Hill
651,Mariellen,Smail,msmaili2@diigo.com,Female,Zamora,Spain,95 International Place
652,Tucky,Coase,tcoasei3@sciencedaily.com,Male,Santiago De Compostela,Spain,93885 Stephen Park
653,Zeb,Frandsen,zfrandseni4@ox.ac.uk,Male,Lleida,,617 Claremont Plaza
654,Ellswerth,Dumbreck,edumbrecki5@china.com.cn,Male,Dos Hermanas,,0451 Wayridge Hill
655,Dexter,Haward,dhawardi6@zdnet.com,Male,Valladolid,Spain,92 Amoth Trail
656,Harry,Bolus,hbolusi7@twitpic.com,Male,Valladolid,,7 Columbus Hill
657,Agace,Berthomieu,aberthomieui8@lulu.com,,Leon,,85 Eggendart Parkway
658,Lonnie,Thorouggood,lthorouggoodi9@tamu.edu,Female,,Spain,802 Paget Alley
659,Em,Grimsley,egrimsleyia@buzzfeed.com,Male,Logroño,Spain,50 Delaware Terrace
660,Johnath,Rainsdon,jrainsdonib@godaddy.com,Female,Santander,Spain,6 John Wall Junction
661,Ignaz,Calverley,icalverleyic@netlog.com,Male,Telde,,1220 Eastwood Avenue
662,Letta,Linklater,llinklaterid@rakuten.co.jp,Female,,Spain,0868 Fairfield Parkway
663,Sayers,Rickesies,srickesiesie@shop-pro.jp,Male,Sabadell,Spain,689 Talisman Way
664,Aurora,Basant,abasantif@seattletimes.com,Female,Getafe,Spain,8 Duke Plaza
665,Janot,Tewkesberry,jtewkesberryig@mit.edu,Female,Barcelona,Spain,6 Stone Corner Pass
666,Micki,Van Der Hoog,,Female,Barcelona,Spain,4 Hayes Hill
667,Humbert,Prestner,hprestnerii@ucoz.com,Male,Murcia,Spain,9 Steensland Pass
668,Nigel,Mougeot,nmougeotij@umn.edu,Male,Pamplona/Iruña,Spain,5508 Fieldstone Alley
669,Fidelity,Grunder,fgrunderik@google.it,,Fuenlabrada,Spain,31208 Sundown Point
670,Davide,Assad,dassadil@nih.gov,Male,Madrid,Spain,105 Golden Leaf Hill
671,Alexis,Moss,amossim@typepad.com,Genderqueer,Sabadell,Spain,98013 Memorial Park
672,Martguerita,Woodhams,mwoodhamsin@google.com,Female,Lleida,Spain,70 Katie Street
673,Emmalynn,Storrie,estorrieio@bandcamp.com,Female,Jaen,Spain,0171 Iowa Terrace
674,Reeba,Mosby,rmosbyip@i2i.jp,Female,Valencia,Spain,8 Stoughton Lane
675,Sheela,Hegley,shegleyiq@wiley.com,Female,Malaga,Spain,3121 Commercial Lane
676,Justin,Boyse,jboyseir@wikia.com,,"Coruña, A",Spain,012 Eagle Crest Trail
677,Hunfredo,Rodliff,hrodliffis@com.com,Male,,Spain,90 Loftsgordon Alley
678,Renaldo,Rowles,rrowlesit@biglobe.ne.jp,Male,Vigo,Spain,23051 Lakewood Gardens Center
679,Kennedy,Dimond,kdimondiu@biglobe.ne.jp,Male,,Spain,74930 Glendale Trail
680,Fania,Rolinson,frolinsoniv@unicef.org,Female,Barcelona,Spain,68052 North Point
681,Em,Tschersich,etschersichiw@bbc.co.uk,Male,"Palmas De Gran Canaria, Las",,14 Nova Point
682,Cordelie,Mould,cmouldix@whitehouse.gov,Female,Lleida,Spain,984 Waxwing Park
683,Ax,Hadye,ahadyeiy@is.gd,Male,Barcelona,Spain,1639 Anhalt Place
684,Karna,McGow,kmcgowiz@hhs.gov,Female,Badajoz,Spain,4820 Gateway Place
685,Carmencita,Fairlam,cfairlamj0@umich.edu,Female,Granada,,5586 New Castle Lane
686,Blaine,MacKeig,bmackeigj1@last.fm,Male,Elx/Elche,,80007 John Wall Park
687,Lucie,Foulkes,lfoulkesj2@wordpress.com,Female,Zamora,Spain,327 Bellgrove Court
688,Elwyn,Crandon,ecrandonj3@ycombinator.com,Male,Granada,Spain,98479 Spohn Alley
689,Dionisio,Woodworth,dwoodworthj4@canalblog.com,Male,Malaga,Spain,858 Monument Alley
690,Francoise,Catterson,fcattersonj5@privacy.gov.au,Female,Girona,Spain,16 Grover Hill
691,Tibold,Zanetto,tzanettoj6@dion.ne.jp,Polygender,Lleida,Spain,57775 Paget Trail
692,Derk,Lipgens,dlipgensj7@angelfire.com,Male,,Spain,5 Crownhardt Way
693,Taylor,Dafydd,tdafyddj8@chicagotribune.com,Male,Salamanca,Spain,82 Westport Center
694,Hollis,Tigner,htignerj9@tuttocitta.it,Male,Cadiz,Spain,372 Del Sol Drive
695,Waylan,Arp,warpja@who.int,Male,Albacete,Spain,7651 Prentice Terrace
696,Tadd,McIntosh,tmcintoshjb@jigsy.com,Male,Palma De Mallorca,Spain,27 Milwaukee Junction
697,Sean,Herity,sherityjc@webmd.com,Genderfluid,Madrid,Spain,1538 Dapin Trail
698,Saidee,Hawtrey,shawtreyjd@amazon.de,,Palma De Mallorca,Spain,2 Reinke Drive
699,Moyra,Barnaclough,mbarnacloughje@digg.com,Female,Pontevedra,,7216 Di Loreto Hill
700,Ricky,Gambie,rgambiejf@reddit.com,Female,Madrid,Spain,0443 Bartillon Center
701,Elyse,Dansie,edansiejg@ifeng.com,Female,Cadiz,Spain,031 Larry Avenue
702,Evyn,Dolphin,edolphinjh@oaic.gov.au,Male,Logroño,Spain,4 Bobwhite Court
703,Sallee,Strowthers,sstrowthersji@usatoday.com,Female,Madrid,Spain,2588 Messerschmidt Hill
704,Sharon,Coulston,scoulstonjj@odnoklassniki.ru,Female,Valencia,Spain,87 Barnett Drive
705,Idell,Glencross,iglencrossjk@slashdot.org,Female,"Palmas De Gran Canaria, Las",Spain,73339 Hollow Ridge Drive
706,Cobb,Grinnell,cgrinnelljl@ihg.com,Male,Valladolid,Spain,16 Old Gate Point
707,Emanuel,Mateos,emateosjm@meetup.com,Male,,Spain,1 Sheridan Circle
708,Rani,Risdale,rrisdalejn@cocolog-nifty.com,Agender,Palma De Mallorca,,48752 Talmadge Lane
709,Abigale,Milington,amilingtonjo@google.com.br,Female,Sabadell,Spain,4634 Carpenter Alley
710,Florida,Wilmington,fwilmingtonjp@npr.org,,Granada,Spain,050 Bellgrove Trail
711,Dona,Leopold,dleopoldjq@cnn.com,Female,Cadiz,Spain,889 Glacier Hill Circle
712,Eada,Whitsey,ewhitseyjr@bandcamp.com,Female,Cadiz,,2952 Sutteridge Court
713,Jacqui,Grindrod,jgrindrodjs@drupal.org,Female,Valencia,Spain,37439 Garrison Plaza
714,Davie,Went,dwentjt@nasa.gov,Male,,Spain,905 Blackbird Avenue
715,Cassondra,Jovey,cjoveyju@shinystat.com,Female,"Coruña, A",Spain,23 Cascade Junction
716,Barbara-anne,Corrie,bcorriejv@tumblr.com,Female,Ceuta,Spain,22 Forster Drive
717,Alfons,Antoszczyk,aantoszczykjw@bloglovin.com,Male,,,976 Acker Junction
718,Corby,Le Marquand,clemarquandjx@youtube.com,Male,Cartagena,Spain,
719,Constantia,Fear,cfearjy@over-blog.com,Female,Madrid,Spain,23 Manley Trail
720,Jourdain,Tenny,jtennyjz@exblog.jp,Male,Vitoria-Gasteiz,Spain,024 Meadow Valley Street
721,Levi,Walsham,lwalshamk0@census.gov,Male,Elx/Elche,Spain,4457 Jana Terrace
722,Ignacio,McComas,imccomask1@blogspot.com,Male,Almeria,Spain,
723,Sephira,Bleackley,sbleackleyk2@liveinternet.ru,,Girona,,4 Birchwood Road
724,Korney,Sigward,ksigwardk3@blogs.com,Female,,Spain,93012 Pond Hill
725,Nara,Fumagalli,nfumagallik4@scribd.com,Female,Vitoria-Gasteiz,Spain,
726,Penny,Manass,pmanassk5@pbs.org,Female,Alicante/Alacant,Spain,41566 Union Place
727,Joni,Siggins,jsigginsk6@github.com,Female,Albacete,Spain,8960 Jana Alley
728,Jewel,Farmer,jfarmerk7@unblog.fr,Female,Huesca,Spain,7308 Surrey Place
729,Lorne,Niset,lnisetk8@nydailynews.com,Female,Vigo,Spain,9219 Old Shore Crossing
730,Jocelin,Lansbury,jlansburyk9@github.com,Female,Pontevedra,Spain,7846 North Lane
731,North,Spikins,nspikinska@yolasite.com,Male,Madrid,,8 Butterfield Alley
732,Jennine,Sandifer,jsandiferkb@themeforest.net,Female,Palma De Mallorca,Spain,3 Barnett Place
733,Lazare,Anderton,,,Girona,Spain,16 Grover Point
734,Abbe,Caunter,acaunterkd@cargocollective.com,,Jaen,,
735,Cal,Curedell,ccuredellke@booking.com,Female,Valencia,Spain,00857 Sommers Parkway
736,Bruno,Jennaroy,bjennaroykf@earthlink.net,Male,,Spain,0 Armistice Court
737,Rip,Grimsdale,rgrimsdalekg@google.fr,Male,Murcia,Spain,9 Portage Lane
738,Gus,Deakes,gdeakeskh@ucoz.com,Female,Almeria,Spain,854 Oakridge Center
739,Amory,Laherty,alahertyki@wix.com,Male,,Spain,
740,Lincoln,Brailey,lbraileykj@ftc.gov,Male,Donostia-San Sebastian,Spain,77951 Atwood Avenue
741,Dahlia,Sivil,dsivilkk@ask.com,Female,,,605 Coleman Drive
742,Leila,cornhill,lcornhillkl@sun.com,Female,"Palmas De Gran Canaria, Las",Spain,5764 Marcy Pass
743,Wendeline,Oakey,woakeykm@gnu.org,Bigender,Gijon,Spain,5187 Manitowish Court
744,Ninnetta,Groneway,ngronewaykn@tamu.edu,Female,,Spain,0365 4th Lane
745,Yves,Gronaller,ygronallerko@google.nl,Male,Sabadell,Spain,52 Packers Alley
746,Clementius,Halbord,chalbordkp@flavors.me,Male,Malaga,Spain,07409 Farragut Center
747,Ludovico,Merrisson,lmerrissonkq@wikimedia.org,Male,Sabadell,Spain,223 Bluestem Point
748,Enrico,Hassett,ehassettkr@google.fr,Male,Almeria,Spain,238 Butterfield Drive
749,Madelena,Nother,mnotherks@home.pl,Female,Valladolid,Spain,8 Hagan Pass
750,Woodie,Alder,walderkt@ow.ly,Male,Valladolid,Spain,7 Pierstorff Lane
751,Hedda,McClymont,hmcclymontku@indiatimes.com,Female,Granada,Spain,0 Lake View Crossing
752,Amii,Saddler,asaddlerkv@booking.com,Female,Vitoria-Gasteiz,,591 Waywood Lane
753,Wylma,Sleet,wsleetkw@independent.co.uk,Female,Valencia,Spain,8 Pleasure Point
754,Abbe,Pagel,apagelkx@howstuffworks.com,Female,,Spain,2 Corben Parkway
755,Jillian,Danbi,jdanbiky@cocolog-nifty.com,,,,5902 Sutherland Park
756,Seth,Fleckno,sflecknokz@gmpg.org,Male,Palma De Mallorca,Spain,85 Morningstar Street
757,Andie,Belding,abeldingl0@mail.ru,Male,Madrid,,9 Randy Street
758,Rinaldo,Flett,rflettl1@pbs.org,Male,Granada,Spain,98 Cody Center
759,Inessa,Brosius,ibrosiusl2@nbcnews.com,Bigender,Fuenlabrada,Spain,395 Lillian Circle
760,Frank,Midner,fmidnerl3@nationalgeographic.com,Male,"Palmas De Gran Canaria, Las",Spain,6 Birchwood Road
761,Wynnie,MacNeil,wmacneill4@behance.net,Female,,Spain,569 Corben Park
762,Herc,Vasilenko,hvasilenkol5@hatena.ne.jp,Male,Palencia,,8876 Schurz Pass
763,Rachelle,Rosoni,rrosonil6@ihg.com,Female,Logroño,Spain,88 Dayton Circle
764,Minta,Fockes,mfockesl7@google.com,,Santiago De Compostela,Spain,06 Spohn Street
765,Clarita,Srutton,csruttonl8@bbb.org,Female,Leganes,Spain,9421 3rd Road
766,Keir,Leadbetter,kleadbetterl9@fastcompany.com,Male,Albacete,Spain,567 Fairfield Lane
767,Cassondra,Narducci,cnarduccila@amazon.co.uk,Female,"Palmas De Gran Canaria, Las",Spain,718 Hoard Park
768,Andras,Ransome,aransomelb@behance.net,Male,Salamanca,Spain,57 Westend Place
769,Miriam,Copnell,mcopnelllc@abc.net.au,,"Palmas De Gran Canaria, Las",Spain,8 Oneill Trail
770,Rand,Richt,rrichtld@slate.com,Male,Jaen,Spain,2 Dottie Center
771,Evan,Beastall,ebeastallle@nbcnews.com,Male,Santander,,1 Armistice Junction
772,Corey,Rathbourne,crathbournelf@fda.gov,Female,Telde,Spain,09 Calypso Pass
773,Alfonse,Zincke,azinckelg@freewebs.com,Male,"Palmas De Gran Canaria, Las",Spain,907 Warbler Park
774,Yuri,Armatidge,yarmatidgelh@cbslocal.com,Male,Palencia,Spain,92582 Mallard Alley
775,Sherwood,Wetherburn,swetherburnli@dion.ne.jp,Male,Malaga,Spain,1453 Summer Ridge Avenue
776,Leeanne,Kern,lkernlj@theatlantic.com,Female,Girona,Spain,9014 Daystar Place
777,Noel,Mugglestone,nmugglestonelk@arizona.edu,Male,Zamora,Spain,
778,Wernher,Brechin,wbrechinll@google.fr,Agender,Granada,Spain,201 Bowman Pass
779,Rozanne,Rolinson,,Female,Cadiz,Spain,8239 Porter Junction
780,Latrina,Duesberry,lduesberryln@google.ca,Female,Valencia,Spain,51171 Gale Lane
781,Akim,Needs,aneedslo@oakley.com,,"Palmas De Gran Canaria, Las",,0095 Susan Junction
782,Arman,McCraine,amccrainelp@gnu.org,Male,Leon,Spain,05137 Rieder Hill
783,Zebulon,Soda,zsodalq@blogspot.com,,Vigo,Spain,47201 Elgar Street
784,Laetitia,Bebis,lbebislr@skyrock.com,,Gijon,,8 6th Parkway
785,Olva,Cahalan,ocahalanls@ifeng.com,Female,Pontevedra,Spain,
786,Walther,Driutti,wdriuttilt@ifeng.com,Male,,Spain,8076 Commercial Avenue
787,Abagail,Crank,acranklu@wikispaces.com,Female,Malaga,Spain,2 Summer Ridge Alley
788,Lissa,Regan,lreganlv@multiply.com,Female,Cadiz,Spain,
789,Otho,Varga,ovargalw@twitter.com,Male,Aviles,Spain,79 Kennedy Alley
790,Chrysa,Bruton,cbrutonlx@github.com,Female,,Spain,0695 Steensland Street
791,Dottie,Veysey,dveyseyly@un.org,Female,Donostia-San Sebastian,Spain,37509 Waywood Hill
792,Cammy,Rising,crisinglz@biglobe.ne.jp,Female,Logroño,Spain,549 Dwight Alley
793,Kirbie,Le Grand,klegrandm0@prnewswire.com,Female,Castellon De La Plana/Castello De La Pla,Spain,0 Judy Street
794,Patty,Woolger,pwoolgerm1@redcross.org,Female,,Spain,6 Melvin Avenue
795,Obediah,Gorcke,ogorckem2@furl.net,Male,Lleida,Spain,881 Pankratz Alley
796,Felipe,Lyston,flystonm3@hostgator.com,Polygender,"Palmas De Gran Canaria, Las",Spain,6585 Riverside Alley
797,Moyna,Fairhead,mfairheadm4@wp.com,Genderqueer,"Palmas De Gran Canaria, Las",Spain,3 Comanche Street
798,Chandler,MacAirt,cmacairtm5@google.co.uk,Male,Valladolid,Spain,39103 Buell Circle
799,Temple,Poetz,tpoetzm6@jalbum.net,Male,Palma De Mallorca,Spain,19763 Muir Parkway
800,Kalila,Danat,kdanatm7@histats.com,Female,Ferrol,Spain,3 Meadow Ridge Place
801,Decca,Speke,dspekem8@shinystat.com,Male,,,46958 Annamark Court
802,Cristiano,Davidovicz,cdavidoviczm9@msn.com,,Huesca,Spain,63 Paget Trail
803,Harwilll,Gladdor,hgladdorma@spotify.com,Male,Donostia-San Sebastian,Spain,507 Dunning Center
804,Burton,Caldayrou,bcaldayroumb@blogs.com,Male,Almeria,Spain,54 Dennis Avenue
805,Emilia,Mompesson,emompessonmc@cdbaby.com,,Badajoz,Spain,1 Bunker Hill Court
806,Josephina,Doy,jdoymd@wunderground.com,Female,Leganes,Spain,
807,Marcella,Mallabone,mmallaboneme@accuweather.com,Female,Valencia,,99 Erie Place
808,Shae,Hendriks,shendriksmf@skyrock.com,Male,Leganes,Spain,4 Esch Road
809,Stefa,Pinkard,spinkardmg@t.co,Female,Madrid,Spain,1 Rusk Street
810,Germain,Bignall,gbignallmh@domainmarket.com,Male,Santander,Spain,13 Farwell Pass
811,Jan,Blaksley,jblaksleymi@google.com,Female,"Coruña, A",Spain,6099 American Ash Court
812,Quinn,Brenton,qbrentonmj@blogtalkradio.com,Female,Gijon,Spain,5495 Lakeland Junction
813,Hildagarde,Phin,hphinmk@prweb.com,Bigender,Telde,Spain,56864 Prentice Terrace
814,Pernell,Well,pwellml@wordpress.org,Male,Madrid,Spain,4087 Arkansas Parkway
815,Ruperta,Meaker,rmeakermm@paypal.com,Female,Albacete,Spain,
816,Pepe,Giorgetti,pgiorgettimn@sfgate.com,Genderqueer,Pontevedra,Spain,67231 Ohio Hill
817,Farr,Henke,fhenkemo@xrea.com,Male,Sant Cugat Del Valles,Spain,4 Anderson Circle
818,Viola,Conley,vconleymp@yahoo.co.jp,Female,Vigo,Spain,27389 Brickson Park Park
819,Vaughan,O'Doohaine,vodoohainemq@prnewswire.com,Male,,Spain,30 Jackson Lane
820,Nanon,Osipov,nosipovmr@netlog.com,Female,Vitoria-Gasteiz,Spain,92968 Garrison Street
821,Gifford,Olenin,goleninms@spiegel.de,Male,Pontevedra,Spain,608 Elmside Center
822,Kalvin,Antoniewicz,kantoniewiczmt@yale.edu,Male,Albacete,Spain,83624 Steensland Plaza
823,Salim,Dominy,sdominymu@senate.gov,Male,Palma De Mallorca,Spain,963 Grasskamp Crossing
824,Mae,Duignan,mduignanmv@1und1.de,Female,Elx/Elche,Spain,7879 Algoma Pass
825,Ange,Mahedy,amahedymw@xrea.com,Male,Telde,Spain,8 Cody Trail
826,Banky,Zucker,bzuckermx@mashable.com,Male,Elx/Elche,Spain,2 Bowman Park
827,Lacee,Robertet,lrobertetmy@google.com.br,Female,,Spain,8049 Warrior Lane
828,Morlee,MacAllan,mmacallanmz@google.cn,Male,Malaga,Spain,993 Burrows Park
829,Daffie,Moat,dmoatn0@discovery.com,Female,Zamora,Spain,7 Fulton Court
830,Sophey,Dory,sdoryn1@columbia.edu,Female,Leon,Spain,41804 Holmberg Pass
831,Loree,Goldstein,lgoldsteinn2@networksolutions.com,Female,,Spain,627 Sachtjen Place
832,Fletch,Spuffard,fspuffardn3@blogs.com,Male,,Spain,83134 American Trail
833,Zaccaria,Meeus,zmeeusn4@loc.gov,Male,Santander,Spain,3417 Lien Center
834,Hortense,Witson,hwitsonn5@jalbum.net,Female,,Spain,06941 Jenna Road
835,Saxon,Tudor,studorn6@shinystat.com,Male,Cadiz,Spain,16 Anniversary Circle
836,Madlin,Lakeman,mlakemann7@xing.com,Female,Vitoria-Gasteiz,Spain,330 American Trail
837,Kristan,Ellam,kellamn8@china.com.cn,Genderfluid,Madrid,Spain,42 Moose Alley
838,Petronille,Powderham,ppowderhamn9@google.com.br,Female,Pamplona/Iruña,Spain,7 Del Sol Trail
839,Shirline,Ward,swardna@newsvine.com,Female,Cadiz,Spain,5138 Ryan Circle
840,Torre,Ortiga,tortiganb@facebook.com,Male,,Spain,477 Scofield Junction
841,Frederico,Pooly,fpoolync@weather.com,Male,Dos Hermanas,Spain,8 Fuller Street
842,Kara,Svanini,ksvaninind@aol.com,Female,Huesca,Spain,9 Weeping Birch Plaza
843,Arel,Harber,aharberne@hhs.gov,Male,Girona,Spain,7 Grim Pass
844,Calli,Feenan,cfeenannf@sun.com,Agender,,Spain,4 Burrows Pass
845,Kalie,Michelotti,kmichelotting@telegraph.co.uk,Female,Sabadell,Spain,8 Prairieview Parkway
846,Nicolle,Erridge,,Female,Pontevedra,Spain,7336 Upham Circle
847,Herve,Bickersteth,hbickerstethni@123-reg.co.uk,Male,Almeria,Spain,29512 Elmside Trail
848,Dorette,Muck,dmucknj@theglobeandmail.com,Female,Ourense,Spain,
849,Annabal,Blockwell,ablockwellnk@google.com.au,Bigender,Granada,Spain,
850,Law,Gligoraci,lgligoracinl@ebay.com,Male,,Spain,94 Moose Place
851,Filberte,Jeckells,fjeckellsnm@springer.com,Male,Santander,,218 Gateway Circle
852,Maryl,Beynon,mbeynonnn@nih.gov,Female,Palma De Mallorca,Spain,43750 Waubesa Parkway
853,Mara,Cauldwell,mcauldwellno@csmonitor.com,Female,Zamora,Spain,4 Center Drive
854,Armand,Soro,asoronp@mtv.com,Male,Jaen,Spain,445 Hooker Place
855,Clarence,Manilow,cmanilownq@aol.com,Male,Jaen,Spain,6982 Clemons Court
856,Alejandro,Chese,achesenr@zimbio.com,Male,Palencia,Spain,
857,Davita,Garrie,dgarriens@java.com,Female,Logroño,Spain,53 Green Ridge Park
858,Ferdinande,Annakin,fannakinnt@marriott.com,Female,Sevilla,Spain,27422 Waubesa Plaza
859,Luisa,Adelberg,ladelbergnu@elegantthemes.com,Female,Murcia,Spain,
860,Fredric,Uren,furennv@webs.com,Male,,Spain,1887 Sage Court
861,Nikolos,McGillreich,nmcgillreichnw@bbb.org,Male,Valencia,Spain,0189 Fremont Way
862,Phil,Caswell,pcaswellnx@newsvine.com,Male,Madrid,Spain,25443 Melody Road
863,Odilia,Tellenbrok,otellenbrokny@youtu.be,Genderfluid,Valladolid,Spain,33769 Nova Way
864,Kara,MacCallam,kmaccallamnz@exblog.jp,Female,,Spain,4 Center Junction
865,Phip,Benoey,pbenoeyo0@intel.com,Male,Ferrol,Spain,4805 Corben Avenue
866,Wilek,de Nore,wdenoreo1@booking.com,Male,,Spain,9 Corscot Junction
867,Zoe,Franzen,zfranzeno2@time.com,Female,Palma De Mallorca,,356 Merrick Place
868,Raddy,Rookwell,rrookwello3@springer.com,Male,,Spain,22512 Menomonie Crossing
869,Conrad,Cullivan,ccullivano4@ebay.com,Male,Ceuta,Spain,18 Paget Crossing
870,Judi,Syer,jsyero5@tamu.edu,,Huesca,Spain,194 Bultman Park
871,Korney,Pellamonuten,kpellamonuteno6@reverbnation.com,Non-binary,,Spain,178 Lindbergh Place
872,Gale,Edmans,gedmanso7@senate.gov,Female,Leon,Spain,23 Fairfield Park
873,Lynett,Toffolo,ltoffoloo8@mlb.com,Female,Jaen,Spain,59 Green Ridge Avenue
874,Roch,Twamley,rtwamleyo9@yellowbook.com,Bigender,Getafe,,1019 Maywood Junction
875,Shem,Bleythin,sbleythinoa@i2i.jp,,Vitoria-Gasteiz,Spain,6717 Memorial Court
876,Mallory,Crallan,mcrallanob@issuu.com,Male,Murcia,Spain,87898 Hoepker Junction
877,Verla,Pandey,vpandeyoc@vimeo.com,Female,Leon,Spain,89500 Calypso Park
878,Rudiger,Blackman,rblackmanod@unblog.fr,Male,Santander,Spain,678 David Trail
879,Gabrielle,Iwanczyk,,Female,Valencia,Spain,01 Onsgard Way
880,Dex,Langhorn,dlanghornof@ca.gov,Male,Cartagena,Spain,5807 Gateway Parkway
881,Jerrome,Beven,jbevenog@trellian.com,Male,"Palmas De Gran Canaria, Las",Spain,03109 Clyde Gallagher Park
882,Hernando,Cockshutt,hcockshuttoh@imgur.com,Male,Valencia,Spain,7 4th Street
883,Moyra,Saffen,msaffenoi@shareasale.com,Female,Aviles,Spain,95124 Blaine Hill
884,Terri-jo,Bartolomeotti,tbartolomeottioj@bloomberg.com,Female,Lleida,Spain,706 Lyons Point
885,Windham,Badham,wbadhamok@wired.com,Male,"Hospitalet De Llobregat, L'",Spain,68 Nelson Junction
886,Imelda,Sweetenham,isweetenhamol@amazonaws.com,Female,Madrid,Spain,60 Kinsman Terrace
887,Jedediah,Verillo,jverilloom@prnewswire.com,Male,Pontevedra,Spain,2619 La Follette Lane
888,Gerri,Addy,gaddyon@a8.net,Female,Logroño,Spain,6951 Bunting Avenue
889,Mayer,Humbatch,mhumbatchoo@51.la,Agender,Lleida,Spain,5831 Lakeland Place
890,Marylynne,Hursthouse,mhursthouseop@ed.gov,Female,Madrid,Spain,36568 Fuller Alley
891,Ardene,Straughan,astraughanoq@aol.com,Female,Vitoria-Gasteiz,Spain,588 Badeau Alley
892,Sibylla,Ranyelld,sranyelldor@smugmug.com,Female,,Spain,78811 Katie Parkway
893,Orlan,Malloch,omallochos@sphinn.com,Male,Lleida,Spain,76212 Debra Lane
894,Saloma,Fines,sfinesot@dell.com,Female,"Palmas De Gran Canaria, Las",Spain,87 Thackeray Road
895,Jerad,Disley,jdisleyou@time.com,,Madrid,Spain,35875 Sutteridge Road
896,Abran,Folger,afolgerov@ow.ly,Male,Madrid,Spain,3 Burning Wood Plaza
897,Abey,Gibbetts,agibbettsow@creativecommons.org,Male,"Palmas De Gran Canaria, Las",Spain,3 Crowley Junction
898,Nissa,Clarridge,nclarridgeox@yahoo.com,Non-binary,Malaga,Spain,72532 Kedzie Pass
899,Rip,McEnery,rmceneryoy@wikimedia.org,Male,Zamora,Spain,198 Ludington Terrace
900,Humbert,Lghan,hlghanoz@friendfeed.com,Male,Vitoria-Gasteiz,Spain,15434 Hanson Circle
901,Sheela,Hawthorne,shawthornep0@imgur.com,Female,Ourense,Spain,70 Westend Avenue
902,Lemmie,Rutland,lrutlandp1@sun.com,Male,Granada,Spain,7 Arizona Alley
903,Flinn,Ellerker,fellerkerp2@freewebs.com,Genderqueer,Torrevieja,Spain,384 Old Shore Crossing
904,Laina,Rengger,lrenggerp3@usatoday.com,Female,Palma De Mallorca,,7 Mosinee Crossing
905,Gracia,Luckie,gluckiep4@soup.io,Female,Ceuta,Spain,80288 Florence Avenue
906,Joscelin,Rhead,jrheadp5@i2i.jp,Female,Granada,Spain,59 Corben Road
907,Luke,Seager,lseagerp6@soup.io,Male,Tarragona,Spain,3695 Ruskin Court
908,Nerta,Divver,ndivverp7@nifty.com,Female,,Spain,9 Evergreen Point
909,Lilah,Melhuish,lmelhuishp8@flickr.com,Non-binary,Donostia-San Sebastian,Spain,60699 Northfield Park
910,Brigham,Sturm,bsturmp9@pcworld.com,Male,Huesca,Spain,64 Bluejay Court
911,Lorrin,O'Donoghue,lodonoghuepa@jiathis.com,Female,Palma De Mallorca,Spain,
912,Austin,Siret,asiretpb@4shared.com,Male,Santiago De Compostela,Spain,501 Randy Crossing
913,Sig,Raund,sraundpc@eventbrite.com,Male,Vigo,Spain,75968 Spohn Avenue
914,Garald,Billson,gbillsonpd@latimes.com,Male,,,
915,Danica,Menere,dmenerepe@theguardian.com,Female,Ourense,Spain,6 Springview Center
916,Gail,Zotto,gzottopf@who.int,Male,Logroño,Spain,4613 Ohio Plaza
917,Edie,Layfield,elayfieldpg@google.com.br,Female,Pamplona/Iruña,Spain,5707 Oakridge Avenue
918,Benita,Maypole,bmaypoleph@engadget.com,Female,Ceuta,,7486 Rieder Trail
919,Clayton,Le Quesne,clequesnepi@homestead.com,Male,Palma De Mallorca,Spain,66196 Maryland Circle
920,Griffin,Confait,gconfaitpj@arizona.edu,Male,,,44 Corry Plaza
921,Nick,Heinz,nheinzpk@irs.gov,Male,Sevilla,Spain,2347 Mariners Cove Lane
922,Ailyn,Langthorne,alangthornepl@yolasite.com,Female,,Spain,210 Corscot Court
923,Sandor,Westmerland,swestmerlandpm@webnode.com,Genderqueer,Vitoria-Gasteiz,Spain,3 Transport Pass
924,Celestyn,Lansly,clanslypn@oracle.com,Female,Gijon,,37792 Bluestem Alley
925,Briny,Pearmain,bpearmainpo@creativecommons.org,Female,Santiago De Compostela,Spain,29 Hoepker Alley
926,Rafael,Baert,rbaertpp@salon.com,Male,Albacete,Spain,54037 Monica Drive
927,Basil,Guerola,bguerolapq@apache.org,,Almeria,Spain,0 Bluestem Alley
928,Janessa,Robinett,jrobinettpr@multiply.com,Female,Jaen,Spain,418 Oakridge Alley
929,Cassandra,Shankle,cshankleps@princeton.edu,Female,Santa Cruz De Tenerife,,24146 Sachs Road
930,Appolonia,Bolger,abolgerpt@symantec.com,Female,Sevilla,Spain,84 Manufacturers Lane
931,Berne,Hartness,bhartnesspu@dailymail.co.uk,Male,Badajoz,Spain,5 Badeau Road
932,Jehanna,Ninnis,jninnispv@cafepress.com,Female,Malaga,Spain,4743 Buhler Hill
933,Darryl,Okeshott,dokeshottpw@cdc.gov,Female,Castellon De La Plana/Castello De La Pla,Spain,44522 Swallow Crossing
934,Dede,Stalman,dstalmanpx@diigo.com,Female,Fuenlabrada,Spain,2 Esker Court
935,Brewer,Salisbury,bsalisburypy@com.com,Male,,Spain,88 Fordem Park
936,Rakel,Gadson,rgadsonpz@marketwatch.com,Female,Zamora,Spain,3 Waxwing Center
937,Cassaundra,Berre,cberreq0@xrea.com,Female,Albacete,,9 Messerschmidt Alley
938,Grange,Mart,gmartq1@google.fr,Male,Malaga,,317 Dunning Terrace
939,Hamlen,Waye,hwayeq2@weebly.com,Male,Madrid,,3681 Hanover Pass
940,Burlie,Waterhous,bwaterhousq3@cbslocal.com,Male,Valladolid,Spain,78 Gulseth Parkway
941,Nickey,Oxlee,noxleeq4@fda.gov,Male,Badajoz,Spain,232 Stephen Center
942,Stearn,De Vaan,sdevaanq5@wikispaces.com,Male,,Spain,5 Mallard Junction
943,Maritsa,Doale,mdoaleq6@google.nl,,,Spain,7 Toban Center
944,Blondell,Scrowson,bscrowsonq7@jimdo.com,Female,"Hospitalet De Llobregat, L'",Spain,2222 Scofield Drive
945,Shannon,Dalrymple,sdalrympleq8@about.com,Female,Almeria,Spain,7401 Bashford Plaza
946,Gannie,Jaffrey,gjaffreyq9@miitbeian.gov.cn,Male,Murcia,Spain,370 Arrowood Center
947,Jamill,Lewson,jlewsonqa@cafepress.com,Male,"Hospitalet De Llobregat, L'",Spain,
948,Manuel,Rosenstein,mrosensteinqb@topsy.com,Male,Donostia-San Sebastian,Spain,327 Carberry Way
949,Jerrilee,Dreakin,jdreakinqc@ox.ac.uk,Female,Santander,Spain,04342 Becker Park
950,Murial,Powrie,mpowrieqd@feedburner.com,Female,Getafe,Spain,93 Di Loreto Circle
951,Albertina,Domino,adominoqe@google.com,Female,Teruel,,8 Hovde Way
952,Oliviero,Rock,orockqf@tmall.com,Male,Huesca,Spain,0759 Leroy Plaza
953,Jere,Sharvell,jsharvellqg@time.com,Male,Donostia-San Sebastian,,39154 Johnson Circle
954,Hilliard,Maiden,hmaidenqh@blogspot.com,Male,Granada,Spain,04 Mifflin Crossing
955,Lucias,Wringe,lwringeqi@live.com,Male,Granada,Spain,6897 Old Shore Park
956,Franciskus,Eves,fevesqj@alibaba.com,Male,Vitoria-Gasteiz,Spain,86910 Cherokee Terrace
957,Jewel,Cameron,jcameronqk@blogger.com,Female,Lugo,Spain,20 Merry Trail
958,Cindy,Robardet,crobardetql@usda.gov,,Pontevedra,,4857 Everett Circle
959,Ty,Theobold,ttheoboldqm@irs.gov,Male,Tarragona,Spain,67468 Amoth Place
960,Ulric,Flieg,ufliegqn@prweb.com,Male,Granada,Spain,096 Grayhawk Terrace
961,Doyle,Anfusso,danfussoqo@spiegel.de,Male,Madrid,Spain,0724 Florence Junction
962,Domenic,Adger,dadgerqp@time.com,Male,,Spain,327 Gateway Crossing
963,Victor,Brotherwood,vbrotherwoodqq@ning.com,,Palma De Mallorca,Spain,516 Golf Lane
964,Devon,Farnell,dfarnellqr@histats.com,Female,Gijon,Spain,3 Eastlawn Park
965,Marijn,St Clair,mstclairqs@technorati.com,Male,,Spain,57 Jay Drive
966,Didi,Hawtry,dhawtryqt@opensource.org,Female,,Spain,901 Packers Way
967,Ricki,Nairn,rnairnqu@nhs.uk,Male,Malaga,Spain,69 Claremont Alley
968,Brocky,Marfe,bmarfeqv@huffingtonpost.com,Male,Sevilla,Spain,9342 Gale Drive
969,Fidole,Sugars,fsugarsqw@goo.gl,Male,Murcia,Spain,00652 Michigan Terrace
970,Niki,Bonsey,nbonseyqx@deliciousdays.com,,Barcelona,Spain,3045 Goodland Crossing
971,Ly,Gayne,lgayneqy@about.com,Male,Sabadell,Spain,19 Bobwhite Lane
972,Saraann,Rintoul,srintoulqz@vistaprint.com,Female,Granada,Spain,9279 Calypso Road
973,Cally,Salvadori,csalvadorir0@sitemeter.com,,Ferrol,Spain,8897 Pennsylvania Lane
974,Luke,Insley,linsleyr1@ftc.gov,Male,Pamplona/Iruña,Spain,
975,Dasya,Althrope,dalthroper2@yahoo.co.jp,Female,"Palmas De Gran Canaria, Las",Spain,22119 Artisan Lane
976,Marchall,Piesold,mpiesoldr3@desdev.cn,Male,Malaga,Spain,61 Crowley Road
977,Adham,Krahl,akrahlr4@salon.com,Male,"Coruña, A",Spain,1140 Crest Line Plaza
978,Cindelyn,Elbourn,celbournr5@hc360.com,Female,Ceuta,Spain,
979,Boniface,Fearnside,bfearnsider6@furl.net,Male,Granada,,4353 Calypso Center
980,Kassandra,Sallinger,ksallingerr7@istockphoto.com,Female,Badajoz,,0 Fallview Alley
981,Billie,Brackpool,bbrackpoolr8@histats.com,Male,Lleida,Spain,9871 Evergreen Park
982,Sandy,Toffolini,stoffolinir9@oaic.gov.au,Female,Malaga,Spain,7 Bunker Hill Plaza
983,Margareta,MacArthur,mmacarthurra@weebly.com,Genderfluid,Valencia,Spain,5 Park Meadow Way
984,Lucho,Ledeker,lledekerrb@webs.com,Male,Almeria,Spain,6493 Maple Terrace
985,Felizio,Stebbing,fstebbingrc@zimbio.com,Male,Malaga,Spain,30 Trailsway Terrace
986,Boyd,Sievewright,bsievewrightrd@behance.net,Male,Malaga,Spain,00440 Gale Plaza
987,Cecil,Hemms,chemmsre@reverbnation.com,Male,,Spain,1737 Commercial Lane
988,Liuka,Furnell,lfurnellrf@mozilla.com,Female,Malaga,Spain,7 Caliangt Drive
989,Jermain,Klassmann,,,Palma De Mallorca,,8083 Burning Wood Pass
990,Gawain,Mattheeuw,gmattheeuwrh@google.es,Male,Pamplona/Iruña,Spain,09214 Vernon Point
991,Nicolis,Lempertz,nlempertzri@photobucket.com,Male,Almeria,Spain,9024 Vera Plaza
992,Teodorico,Pedracci,tpedraccirj@zdnet.com,Male,Logroño,Spain,68070 Union Lane
993,Evangelina,Dutton,eduttonrk@altervista.org,Genderqueer,Girona,Spain,60 Redwing Road
994,Kirk,Gale,kgalerl@engadget.com,Male,Zamora,,532 Evergreen Avenue
995,Martguerita,Itzig,mitzigrm@ebay.com,Female,Toledo,Spain,39451 Quincy Avenue
996,Ray,Tarpey,rtarpeyrn@bravesites.com,Female,Zamora,Spain,36384 Sommers Terrace
997,Flem,Roderham,froderhamro@dropbox.com,Male,Pontevedra,Spain,93177 Eastwood Parkway
998,Winifield,Blakes,wblakesrp@jiathis.com,Male,Vigo,Spain,03044 Grayhawk Road
999,Lanita,Espinosa,lespinosarq@discuz.net,Female,Dos Hermanas,Spain,2 Schmedeman Drive
1000,Grissel,Siberry,gsiberryrr@wikispaces.com,Female,Leon,Spain,42274 Waywood Terrace
